subject_id,modality,split,slice_index,image_path,mask_path,source_file
11_CT_s4,CT,test,0,/Users/ayushchhetry/spartis assignment/dataset/test/CT/images/11_CT_s4_z0000.npy,/Users/ayushchhetry/spartis assignment/dataset/test/CT/masks/11_CT_m4_z0000.npy,/Users/ayushchhetry/spartis assignment/JUH_MR-CT_dataset/CT/image_CT/11_CT_s4.dcm
11_CT_s4,CT,test,1,/Users/ayushchhetry/spartis assignment/dataset/test/CT/images/11_CT_s4_z0001.npy,/Users/ayushchhetry/spartis assignment/dataset/test/CT/masks/11_CT_m4_z0001.npy,/Users/ayushchhetry/spartis assignment/JUH_MR-CT_dataset/CT/image_CT/11_CT_s4.dcm
11_CT_s4,CT,test,2,/Users/ayushchhetry/spartis assignment/dataset/test/CT/images/11_CT_s4_z0002.npy,/Users/ayushchhetry/spartis assignment/dataset/test/CT/masks/11_CT_m4_z0002.npy,/Users/ayushchhetry/spartis assignment/JUH_MR-CT_dataset/CT/image_CT/11_CT_s4.dcm
12_CT_s3,CT,test,0,/Users/ayushchhetry/spartis assignment/dataset/test/CT/images/12_CT_s3_z0000.npy,/Users/ayushchhetry/spartis assignment/dataset/test/CT/masks/12_CT_m3_z0000.npy,/Users/ayushchhetry/spartis assignment/JUH_MR-CT_dataset/CT/image_CT/12_CT_s3.dcm
12_CT_s3,CT,test,1,/Users/ayushchhetry/spartis assignment/dataset/test/CT/images/12_CT_s3_z0001.npy,/Users/ayushchhetry/spartis assignment/dataset/test/CT/masks/12_CT_m3_z0001.npy,/Users/ayushchhetry/spartis assignment/JUH_MR-CT_dataset/CT/image_CT/12_CT_s3.dcm
12_CT_s3,CT,test,2,/Users/ayushchhetry/spartis assignment/dataset/test/CT/images/12_CT_s3_z0002.npy,/Users/ayushchhetry/spartis assignment/dataset/test/CT/masks/12_CT_m3_z0002.npy,/Users/ayushchhetry/spartis assignment/JUH_MR-CT_dataset/CT/image_CT/12_CT_s3.dcm
12_CT_s4,CT,test,0,/Users/ayushchhetry/spartis assignment/dataset/test/CT/images/12_CT_s4_z0000.npy,/Users/ayushchhetry/spartis assignment/dataset/test/CT/masks/12_CT_m4_z0000.npy,/Users/ayushchhetry/spartis assignment/JUH_MR-CT_dataset/CT/image_CT/12_CT_s4.dcm
12_CT_s4,CT,test,1,/Users/ayushchhetry/spartis assignment/dataset/test/CT/images/12_CT_s4_z0001.npy,/Users/ayushchhetry/spartis assignment/dataset/test/CT/masks/12_CT_m4_z0001.npy,/Users/ayushchhetry/spartis assignment/JUH_MR-CT_dataset/CT/image_CT/12_CT_s4.dcm
12_CT_s4,CT,test,2,/Users/ayushchhetry/spartis assignment/dataset/test/CT/images/12_CT_s4_z0002.npy,/Users/ayushchhetry/spartis assignment/dataset/test/CT/masks/12_CT_m4_z0002.npy,/Users/ayushchhetry/spartis assignment/JUH_MR-CT_dataset/CT/image_CT/12_CT_s4.dcm
13_CT_s1,CT,test,0,/Users/ayushchhetry/spartis assignment/dataset/test/CT/images/13_CT_s1_z0000.npy,/Users/ayushchhetry/spartis assignment/dataset/test/CT/masks/13_CT_m1_z0000.npy,/Users/ayushchhetry/spartis assignment/JUH_MR-CT_dataset/CT/image_CT/13_CT_s1.dcm
13_CT_s1,CT,test,1,/Users/ayushchhetry/spartis assignment/dataset/test/CT/images/13_CT_s1_z0001.npy,/Users/ayushchhetry/spartis assignment/dataset/test/CT/masks/13_CT_m1_z0001.npy,/Users/ayushchhetry/spartis assignment/JUH_MR-CT_dataset/CT/image_CT/13_CT_s1.dcm
13_CT_s1,CT,test,2,/Users/ayushchhetry/spartis assignment/dataset/test/CT/images/13_CT_s1_z0002.npy,/Users/ayushchhetry/spartis assignment/dataset/test/CT/masks/13_CT_m1_z0002.npy,/Users/ayushchhetry/spartis assignment/JUH_MR-CT_dataset/CT/image_CT/13_CT_s1.dcm
14_CT_s5,CT,test,0,/Users/ayushchhetry/spartis assignment/dataset/test/CT/images/14_CT_s5_z0000.npy,/Users/ayushchhetry/spartis assignment/dataset/test/CT/masks/14_CT_s5_z0000.npy,/Users/ayushchhetry/spartis assignment/JUH_MR-CT_dataset/CT/image_CT/14_CT_s5.dcm
14_CT_s5,CT,test,1,/Users/ayushchhetry/spartis assignment/dataset/test/CT/images/14_CT_s5_z0001.npy,/Users/ayushchhetry/spartis assignment/dataset/test/CT/masks/14_CT_s5_z0001.npy,/Users/ayushchhetry/spartis assignment/JUH_MR-CT_dataset/CT/image_CT/14_CT_s5.dcm
14_CT_s5,CT,test,2,/Users/ayushchhetry/spartis assignment/dataset/test/CT/images/14_CT_s5_z0002.npy,/Users/ayushchhetry/spartis assignment/dataset/test/CT/masks/14_CT_s5_z0002.npy,/Users/ayushchhetry/spartis assignment/JUH_MR-CT_dataset/CT/image_CT/14_CT_s5.dcm
15_CT_s3,CT,test,0,/Users/ayushchhetry/spartis assignment/dataset/test/CT/images/15_CT_s3_z0000.npy,/Users/ayushchhetry/spartis assignment/dataset/test/CT/masks/15_CT_m3_z0000.npy,/Users/ayushchhetry/spartis assignment/JUH_MR-CT_dataset/CT/image_CT/15_CT_s3.dcm
15_CT_s3,CT,test,1,/Users/ayushchhetry/spartis assignment/dataset/test/CT/images/15_CT_s3_z0001.npy,/Users/ayushchhetry/spartis assignment/dataset/test/CT/masks/15_CT_m3_z0001.npy,/Users/ayushchhetry/spartis assignment/JUH_MR-CT_dataset/CT/image_CT/15_CT_s3.dcm
15_CT_s3,CT,test,2,/Users/ayushchhetry/spartis assignment/dataset/test/CT/images/15_CT_s3_z0002.npy,/Users/ayushchhetry/spartis assignment/dataset/test/CT/masks/15_CT_m3_z0002.npy,/Users/ayushchhetry/spartis assignment/JUH_MR-CT_dataset/CT/image_CT/15_CT_s3.dcm
17_CT_s5,CT,test,0,/Users/ayushchhetry/spartis assignment/dataset/test/CT/images/17_CT_s5_z0000.npy,/Users/ayushchhetry/spartis assignment/dataset/test/CT/masks/17_CT_m5_z0000.npy,/Users/ayushchhetry/spartis assignment/JUH_MR-CT_dataset/CT/image_CT/17_CT_s5.dcm
17_CT_s5,CT,test,1,/Users/ayushchhetry/spartis assignment/dataset/test/CT/images/17_CT_s5_z0001.npy,/Users/ayushchhetry/spartis assignment/dataset/test/CT/masks/17_CT_m5_z0001.npy,/Users/ayushchhetry/spartis assignment/JUH_MR-CT_dataset/CT/image_CT/17_CT_s5.dcm
17_CT_s5,CT,test,2,/Users/ayushchhetry/spartis assignment/dataset/test/CT/images/17_CT_s5_z0002.npy,/Users/ayushchhetry/spartis assignment/dataset/test/CT/masks/17_CT_m5_z0002.npy,/Users/ayushchhetry/spartis assignment/JUH_MR-CT_dataset/CT/image_CT/17_CT_s5.dcm
17_CT_s6,CT,test,0,/Users/ayushchhetry/spartis assignment/dataset/test/CT/images/17_CT_s6_z0000.npy,/Users/ayushchhetry/spartis assignment/dataset/test/CT/masks/17_CT_m6_z0000.npy,/Users/ayushchhetry/spartis assignment/JUH_MR-CT_dataset/CT/image_CT/17_CT_s6.dcm
17_CT_s6,CT,test,1,/Users/ayushchhetry/spartis assignment/dataset/test/CT/images/17_CT_s6_z0001.npy,/Users/ayushchhetry/spartis assignment/dataset/test/CT/masks/17_CT_m6_z0001.npy,/Users/ayushchhetry/spartis assignment/JUH_MR-CT_dataset/CT/image_CT/17_CT_s6.dcm
17_CT_s6,CT,test,2,/Users/ayushchhetry/spartis assignment/dataset/test/CT/images/17_CT_s6_z0002.npy,/Users/ayushchhetry/spartis assignment/dataset/test/CT/masks/17_CT_m6_z0002.npy,/Users/ayushchhetry/spartis assignment/JUH_MR-CT_dataset/CT/image_CT/17_CT_s6.dcm
1_CT_s1,CT,test,0,/Users/ayushchhetry/spartis assignment/dataset/test/CT/images/1_CT_s1_z0000.npy,/Users/ayushchhetry/spartis assignment/dataset/test/CT/masks/1_CT_m1_z0000.npy,/Users/ayushchhetry/spartis assignment/JUH_MR-CT_dataset/CT/image_CT/1_CT_s1.dcm
1_CT_s1,CT,test,1,/Users/ayushchhetry/spartis assignment/dataset/test/CT/images/1_CT_s1_z0001.npy,/Users/ayushchhetry/spartis assignment/dataset/test/CT/masks/1_CT_m1_z0001.npy,/Users/ayushchhetry/spartis assignment/JUH_MR-CT_dataset/CT/image_CT/1_CT_s1.dcm
1_CT_s1,CT,test,2,/Users/ayushchhetry/spartis assignment/dataset/test/CT/images/1_CT_s1_z0002.npy,/Users/ayushchhetry/spartis assignment/dataset/test/CT/masks/1_CT_m1_z0002.npy,/Users/ayushchhetry/spartis assignment/JUH_MR-CT_dataset/CT/image_CT/1_CT_s1.dcm
20_CT_s2,CT,test,0,/Users/ayushchhetry/spartis assignment/dataset/test/CT/images/20_CT_s2_z0000.npy,/Users/ayushchhetry/spartis assignment/dataset/test/CT/masks/20_CT_m2_z0000.npy,/Users/ayushchhetry/spartis assignment/JUH_MR-CT_dataset/CT/image_CT/20_CT_s2.dcm
20_CT_s2,CT,test,1,/Users/ayushchhetry/spartis assignment/dataset/test/CT/images/20_CT_s2_z0001.npy,/Users/ayushchhetry/spartis assignment/dataset/test/CT/masks/20_CT_m2_z0001.npy,/Users/ayushchhetry/spartis assignment/JUH_MR-CT_dataset/CT/image_CT/20_CT_s2.dcm
20_CT_s2,CT,test,2,/Users/ayushchhetry/spartis assignment/dataset/test/CT/images/20_CT_s2_z0002.npy,/Users/ayushchhetry/spartis assignment/dataset/test/CT/masks/20_CT_m2_z0002.npy,/Users/ayushchhetry/spartis assignment/JUH_MR-CT_dataset/CT/image_CT/20_CT_s2.dcm
3_CT_s4,CT,test,0,/Users/ayushchhetry/spartis assignment/dataset/test/CT/images/3_CT_s4_z0000.npy,/Users/ayushchhetry/spartis assignment/dataset/test/CT/masks/3_CT_m4_z0000.npy,/Users/ayushchhetry/spartis assignment/JUH_MR-CT_dataset/CT/image_CT/3_CT_s4.dcm
3_CT_s4,CT,test,1,/Users/ayushchhetry/spartis assignment/dataset/test/CT/images/3_CT_s4_z0001.npy,/Users/ayushchhetry/spartis assignment/dataset/test/CT/masks/3_CT_m4_z0001.npy,/Users/ayushchhetry/spartis assignment/JUH_MR-CT_dataset/CT/image_CT/3_CT_s4.dcm
3_CT_s4,CT,test,2,/Users/ayushchhetry/spartis assignment/dataset/test/CT/images/3_CT_s4_z0002.npy,/Users/ayushchhetry/spartis assignment/dataset/test/CT/masks/3_CT_m4_z0002.npy,/Users/ayushchhetry/spartis assignment/JUH_MR-CT_dataset/CT/image_CT/3_CT_s4.dcm
4_CT_s1,CT,test,0,/Users/ayushchhetry/spartis assignment/dataset/test/CT/images/4_CT_s1_z0000.npy,/Users/ayushchhetry/spartis assignment/dataset/test/CT/masks/4_CT_m1_z0000.npy,/Users/ayushchhetry/spartis assignment/JUH_MR-CT_dataset/CT/image_CT/4_CT_s1.dcm
4_CT_s1,CT,test,1,/Users/ayushchhetry/spartis assignment/dataset/test/CT/images/4_CT_s1_z0001.npy,/Users/ayushchhetry/spartis assignment/dataset/test/CT/masks/4_CT_m1_z0001.npy,/Users/ayushchhetry/spartis assignment/JUH_MR-CT_dataset/CT/image_CT/4_CT_s1.dcm
4_CT_s1,CT,test,2,/Users/ayushchhetry/spartis assignment/dataset/test/CT/images/4_CT_s1_z0002.npy,/Users/ayushchhetry/spartis assignment/dataset/test/CT/masks/4_CT_m1_z0002.npy,/Users/ayushchhetry/spartis assignment/JUH_MR-CT_dataset/CT/image_CT/4_CT_s1.dcm
4_CT_s2,CT,test,0,/Users/ayushchhetry/spartis assignment/dataset/test/CT/images/4_CT_s2_z0000.npy,/Users/ayushchhetry/spartis assignment/dataset/test/CT/masks/4_CT_m2_z0000.npy,/Users/ayushchhetry/spartis assignment/JUH_MR-CT_dataset/CT/image_CT/4_CT_s2.dcm
4_CT_s2,CT,test,1,/Users/ayushchhetry/spartis assignment/dataset/test/CT/images/4_CT_s2_z0001.npy,/Users/ayushchhetry/spartis assignment/dataset/test/CT/masks/4_CT_m2_z0001.npy,/Users/ayushchhetry/spartis assignment/JUH_MR-CT_dataset/CT/image_CT/4_CT_s2.dcm
4_CT_s2,CT,test,2,/Users/ayushchhetry/spartis assignment/dataset/test/CT/images/4_CT_s2_z0002.npy,/Users/ayushchhetry/spartis assignment/dataset/test/CT/masks/4_CT_m2_z0002.npy,/Users/ayushchhetry/spartis assignment/JUH_MR-CT_dataset/CT/image_CT/4_CT_s2.dcm
7_CT_s2,CT,test,0,/Users/ayushchhetry/spartis assignment/dataset/test/CT/images/7_CT_s2_z0000.npy,/Users/ayushchhetry/spartis assignment/dataset/test/CT/masks/7_CT_m2_z0000.npy,/Users/ayushchhetry/spartis assignment/JUH_MR-CT_dataset/CT/image_CT/7_CT_s2.dcm
7_CT_s2,CT,test,1,/Users/ayushchhetry/spartis assignment/dataset/test/CT/images/7_CT_s2_z0001.npy,/Users/ayushchhetry/spartis assignment/dataset/test/CT/masks/7_CT_m2_z0001.npy,/Users/ayushchhetry/spartis assignment/JUH_MR-CT_dataset/CT/image_CT/7_CT_s2.dcm
7_CT_s2,CT,test,2,/Users/ayushchhetry/spartis assignment/dataset/test/CT/images/7_CT_s2_z0002.npy,/Users/ayushchhetry/spartis assignment/dataset/test/CT/masks/7_CT_m2_z0002.npy,/Users/ayushchhetry/spartis assignment/JUH_MR-CT_dataset/CT/image_CT/7_CT_s2.dcm
11_MR_s4,MRI,test,0,/Users/ayushchhetry/spartis assignment/dataset/test/MRI/images/11_MR_s4_z0000.npy,/Users/ayushchhetry/spartis assignment/dataset/test/MRI/masks/11_MR_m4_z0000.npy,/Users/ayushchhetry/spartis assignment/JUH_MR-CT_dataset/MR/image_MR/11_MR_s4.dcm
11_MR_s4,MRI,test,1,/Users/ayushchhetry/spartis assignment/dataset/test/MRI/images/11_MR_s4_z0001.npy,/Users/ayushchhetry/spartis assignment/dataset/test/MRI/masks/11_MR_m4_z0001.npy,/Users/ayushchhetry/spartis assignment/JUH_MR-CT_dataset/MR/image_MR/11_MR_s4.dcm
11_MR_s4,MRI,test,2,/Users/ayushchhetry/spartis assignment/dataset/test/MRI/images/11_MR_s4_z0002.npy,/Users/ayushchhetry/spartis assignment/dataset/test/MRI/masks/11_MR_m4_z0002.npy,/Users/ayushchhetry/spartis assignment/JUH_MR-CT_dataset/MR/image_MR/11_MR_s4.dcm
12_MR_s3,MRI,test,0,/Users/ayushchhetry/spartis assignment/dataset/test/MRI/images/12_MR_s3_z0000.npy,/Users/ayushchhetry/spartis assignment/dataset/test/MRI/masks/12_MR_m3_z0000.npy,/Users/ayushchhetry/spartis assignment/JUH_MR-CT_dataset/MR/image_MR/12_MR_s3.dcm
12_MR_s3,MRI,test,1,/Users/ayushchhetry/spartis assignment/dataset/test/MRI/images/12_MR_s3_z0001.npy,/Users/ayushchhetry/spartis assignment/dataset/test/MRI/masks/12_MR_m3_z0001.npy,/Users/ayushchhetry/spartis assignment/JUH_MR-CT_dataset/MR/image_MR/12_MR_s3.dcm
12_MR_s3,MRI,test,2,/Users/ayushchhetry/spartis assignment/dataset/test/MRI/images/12_MR_s3_z0002.npy,/Users/ayushchhetry/spartis assignment/dataset/test/MRI/masks/12_MR_m3_z0002.npy,/Users/ayushchhetry/spartis assignment/JUH_MR-CT_dataset/MR/image_MR/12_MR_s3.dcm
12_MR_s4,MRI,test,0,/Users/ayushchhetry/spartis assignment/dataset/test/MRI/images/12_MR_s4_z0000.npy,/Users/ayushchhetry/spartis assignment/dataset/test/MRI/masks/12_MR_m4_z0000.npy,/Users/ayushchhetry/spartis assignment/JUH_MR-CT_dataset/MR/image_MR/12_MR_s4.dcm
12_MR_s4,MRI,test,1,/Users/ayushchhetry/spartis assignment/dataset/test/MRI/images/12_MR_s4_z0001.npy,/Users/ayushchhetry/spartis assignment/dataset/test/MRI/masks/12_MR_m4_z0001.npy,/Users/ayushchhetry/spartis assignment/JUH_MR-CT_dataset/MR/image_MR/12_MR_s4.dcm
12_MR_s4,MRI,test,2,/Users/ayushchhetry/spartis assignment/dataset/test/MRI/images/12_MR_s4_z0002.npy,/Users/ayushchhetry/spartis assignment/dataset/test/MRI/masks/12_MR_m4_z0002.npy,/Users/ayushchhetry/spartis assignment/JUH_MR-CT_dataset/MR/image_MR/12_MR_s4.dcm
13_MR_s1,MRI,test,0,/Users/ayushchhetry/spartis assignment/dataset/test/MRI/images/13_MR_s1_z0000.npy,/Users/ayushchhetry/spartis assignment/dataset/test/MRI/masks/13_MR_m1_z0000.npy,/Users/ayushchhetry/spartis assignment/JUH_MR-CT_dataset/MR/image_MR/13_MR_s1.dcm
13_MR_s1,MRI,test,1,/Users/ayushchhetry/spartis assignment/dataset/test/MRI/images/13_MR_s1_z0001.npy,/Users/ayushchhetry/spartis assignment/dataset/test/MRI/masks/13_MR_m1_z0001.npy,/Users/ayushchhetry/spartis assignment/JUH_MR-CT_dataset/MR/image_MR/13_MR_s1.dcm
13_MR_s1,MRI,test,2,/Users/ayushchhetry/spartis assignment/dataset/test/MRI/images/13_MR_s1_z0002.npy,/Users/ayushchhetry/spartis assignment/dataset/test/MRI/masks/13_MR_m1_z0002.npy,/Users/ayushchhetry/spartis assignment/JUH_MR-CT_dataset/MR/image_MR/13_MR_s1.dcm
15_MR_s1,MRI,test,0,/Users/ayushchhetry/spartis assignment/dataset/test/MRI/images/15_MR_s1_z0000.npy,/Users/ayushchhetry/spartis assignment/dataset/test/MRI/masks/15_MR_m1_z0000.npy,/Users/ayushchhetry/spartis assignment/JUH_MR-CT_dataset/MR/image_MR/15_MR_s1.dcm
15_MR_s1,MRI,test,1,/Users/ayushchhetry/spartis assignment/dataset/test/MRI/images/15_MR_s1_z0001.npy,/Users/ayushchhetry/spartis assignment/dataset/test/MRI/masks/15_MR_m1_z0001.npy,/Users/ayushchhetry/spartis assignment/JUH_MR-CT_dataset/MR/image_MR/15_MR_s1.dcm
15_MR_s1,MRI,test,2,/Users/ayushchhetry/spartis assignment/dataset/test/MRI/images/15_MR_s1_z0002.npy,/Users/ayushchhetry/spartis assignment/dataset/test/MRI/masks/15_MR_m1_z0002.npy,/Users/ayushchhetry/spartis assignment/JUH_MR-CT_dataset/MR/image_MR/15_MR_s1.dcm
15_MR_s4,MRI,test,0,/Users/ayushchhetry/spartis assignment/dataset/test/MRI/images/15_MR_s4_z0000.npy,/Users/ayushchhetry/spartis assignment/dataset/test/MRI/masks/15_MR_m4_z0000.npy,/Users/ayushchhetry/spartis assignment/JUH_MR-CT_dataset/MR/image_MR/15_MR_s4.dcm
15_MR_s4,MRI,test,1,/Users/ayushchhetry/spartis assignment/dataset/test/MRI/images/15_MR_s4_z0001.npy,/Users/ayushchhetry/spartis assignment/dataset/test/MRI/masks/15_MR_m4_z0001.npy,/Users/ayushchhetry/spartis assignment/JUH_MR-CT_dataset/MR/image_MR/15_MR_s4.dcm
15_MR_s4,MRI,test,2,/Users/ayushchhetry/spartis assignment/dataset/test/MRI/images/15_MR_s4_z0002.npy,/Users/ayushchhetry/spartis assignment/dataset/test/MRI/masks/15_MR_m4_z0002.npy,/Users/ayushchhetry/spartis assignment/JUH_MR-CT_dataset/MR/image_MR/15_MR_s4.dcm
18_MR_s1,MRI,test,0,/Users/ayushchhetry/spartis assignment/dataset/test/MRI/images/18_MR_s1_z0000.npy,/Users/ayushchhetry/spartis assignment/dataset/test/MRI/masks/18_MR_m1_z0000.npy,/Users/ayushchhetry/spartis assignment/JUH_MR-CT_dataset/MR/image_MR/18_MR_s1.dcm
18_MR_s1,MRI,test,1,/Users/ayushchhetry/spartis assignment/dataset/test/MRI/images/18_MR_s1_z0001.npy,/Users/ayushchhetry/spartis assignment/dataset/test/MRI/masks/18_MR_m1_z0001.npy,/Users/ayushchhetry/spartis assignment/JUH_MR-CT_dataset/MR/image_MR/18_MR_s1.dcm
18_MR_s1,MRI,test,2,/Users/ayushchhetry/spartis assignment/dataset/test/MRI/images/18_MR_s1_z0002.npy,/Users/ayushchhetry/spartis assignment/dataset/test/MRI/masks/18_MR_m1_z0002.npy,/Users/ayushchhetry/spartis assignment/JUH_MR-CT_dataset/MR/image_MR/18_MR_s1.dcm
18_MR_s2,MRI,test,0,/Users/ayushchhetry/spartis assignment/dataset/test/MRI/images/18_MR_s2_z0000.npy,/Users/ayushchhetry/spartis assignment/dataset/test/MRI/masks/18_MR_m2_z0000.npy,/Users/ayushchhetry/spartis assignment/JUH_MR-CT_dataset/MR/image_MR/18_MR_s2.dcm
18_MR_s2,MRI,test,1,/Users/ayushchhetry/spartis assignment/dataset/test/MRI/images/18_MR_s2_z0001.npy,/Users/ayushchhetry/spartis assignment/dataset/test/MRI/masks/18_MR_m2_z0001.npy,/Users/ayushchhetry/spartis assignment/JUH_MR-CT_dataset/MR/image_MR/18_MR_s2.dcm
18_MR_s2,MRI,test,2,/Users/ayushchhetry/spartis assignment/dataset/test/MRI/images/18_MR_s2_z0002.npy,/Users/ayushchhetry/spartis assignment/dataset/test/MRI/masks/18_MR_m2_z0002.npy,/Users/ayushchhetry/spartis assignment/JUH_MR-CT_dataset/MR/image_MR/18_MR_s2.dcm
19_MR_s1,MRI,test,0,/Users/ayushchhetry/spartis assignment/dataset/test/MRI/images/19_MR_s1_z0000.npy,/Users/ayushchhetry/spartis assignment/dataset/test/MRI/masks/19_MR_m1_z0000.npy,/Users/ayushchhetry/spartis assignment/JUH_MR-CT_dataset/MR/image_MR/19_MR_s1.dcm
19_MR_s1,MRI,test,1,/Users/ayushchhetry/spartis assignment/dataset/test/MRI/images/19_MR_s1_z0001.npy,/Users/ayushchhetry/spartis assignment/dataset/test/MRI/masks/19_MR_m1_z0001.npy,/Users/ayushchhetry/spartis assignment/JUH_MR-CT_dataset/MR/image_MR/19_MR_s1.dcm
19_MR_s1,MRI,test,2,/Users/ayushchhetry/spartis assignment/dataset/test/MRI/images/19_MR_s1_z0002.npy,/Users/ayushchhetry/spartis assignment/dataset/test/MRI/masks/19_MR_m1_z0002.npy,/Users/ayushchhetry/spartis assignment/JUH_MR-CT_dataset/MR/image_MR/19_MR_s1.dcm
1_MR_s3,MRI,test,0,/Users/ayushchhetry/spartis assignment/dataset/test/MRI/images/1_MR_s3_z0000.npy,/Users/ayushchhetry/spartis assignment/dataset/test/MRI/masks/1_MR_m3_z0000.npy,/Users/ayushchhetry/spartis assignment/JUH_MR-CT_dataset/MR/image_MR/1_MR_s3.dcm
1_MR_s3,MRI,test,1,/Users/ayushchhetry/spartis assignment/dataset/test/MRI/images/1_MR_s3_z0001.npy,/Users/ayushchhetry/spartis assignment/dataset/test/MRI/masks/1_MR_m3_z0001.npy,/Users/ayushchhetry/spartis assignment/JUH_MR-CT_dataset/MR/image_MR/1_MR_s3.dcm
1_MR_s3,MRI,test,2,/Users/ayushchhetry/spartis assignment/dataset/test/MRI/images/1_MR_s3_z0002.npy,/Users/ayushchhetry/spartis assignment/dataset/test/MRI/masks/1_MR_m3_z0002.npy,/Users/ayushchhetry/spartis assignment/JUH_MR-CT_dataset/MR/image_MR/1_MR_s3.dcm
2_MR_s1,MRI,test,0,/Users/ayushchhetry/spartis assignment/dataset/test/MRI/images/2_MR_s1_z0000.npy,/Users/ayushchhetry/spartis assignment/dataset/test/MRI/masks/2_MR_m1_z0000.npy,/Users/ayushchhetry/spartis assignment/JUH_MR-CT_dataset/MR/image_MR/2_MR_s1.dcm
2_MR_s1,MRI,test,1,/Users/ayushchhetry/spartis assignment/dataset/test/MRI/images/2_MR_s1_z0001.npy,/Users/ayushchhetry/spartis assignment/dataset/test/MRI/masks/2_MR_m1_z0001.npy,/Users/ayushchhetry/spartis assignment/JUH_MR-CT_dataset/MR/image_MR/2_MR_s1.dcm
2_MR_s1,MRI,test,2,/Users/ayushchhetry/spartis assignment/dataset/test/MRI/images/2_MR_s1_z0002.npy,/Users/ayushchhetry/spartis assignment/dataset/test/MRI/masks/2_MR_m1_z0002.npy,/Users/ayushchhetry/spartis assignment/JUH_MR-CT_dataset/MR/image_MR/2_MR_s1.dcm
4_MR_s2,MRI,test,0,/Users/ayushchhetry/spartis assignment/dataset/test/MRI/images/4_MR_s2_z0000.npy,/Users/ayushchhetry/spartis assignment/dataset/test/MRI/masks/4_MR_m2_z0000.npy,/Users/ayushchhetry/spartis assignment/JUH_MR-CT_dataset/MR/image_MR/4_MR_s2.dcm
4_MR_s2,MRI,test,1,/Users/ayushchhetry/spartis assignment/dataset/test/MRI/images/4_MR_s2_z0001.npy,/Users/ayushchhetry/spartis assignment/dataset/test/MRI/masks/4_MR_m2_z0001.npy,/Users/ayushchhetry/spartis assignment/JUH_MR-CT_dataset/MR/image_MR/4_MR_s2.dcm
4_MR_s2,MRI,test,2,/Users/ayushchhetry/spartis assignment/dataset/test/MRI/images/4_MR_s2_z0002.npy,/Users/ayushchhetry/spartis assignment/dataset/test/MRI/masks/4_MR_m2_z0002.npy,/Users/ayushchhetry/spartis assignment/JUH_MR-CT_dataset/MR/image_MR/4_MR_s2.dcm
4_MR_s3,MRI,test,0,/Users/ayushchhetry/spartis assignment/dataset/test/MRI/images/4_MR_s3_z0000.npy,/Users/ayushchhetry/spartis assignment/dataset/test/MRI/masks/4_MR_m3_z0000.npy,/Users/ayushchhetry/spartis assignment/JUH_MR-CT_dataset/MR/image_MR/4_MR_s3.dcm
4_MR_s3,MRI,test,1,/Users/ayushchhetry/spartis assignment/dataset/test/MRI/images/4_MR_s3_z0001.npy,/Users/ayushchhetry/spartis assignment/dataset/test/MRI/masks/4_MR_m3_z0001.npy,/Users/ayushchhetry/spartis assignment/JUH_MR-CT_dataset/MR/image_MR/4_MR_s3.dcm
4_MR_s3,MRI,test,2,/Users/ayushchhetry/spartis assignment/dataset/test/MRI/images/4_MR_s3_z0002.npy,/Users/ayushchhetry/spartis assignment/dataset/test/MRI/masks/4_MR_m3_z0002.npy,/Users/ayushchhetry/spartis assignment/JUH_MR-CT_dataset/MR/image_MR/4_MR_s3.dcm
5_MR,MRI,test,0,/Users/ayushchhetry/spartis assignment/dataset/test/MRI/images/5_MR_z0000.npy,,/Users/ayushchhetry/spartis assignment/JUH_MR-CT_dataset/MR/image_MR/5_MR.dcm
5_MR,MRI,test,1,/Users/ayushchhetry/spartis assignment/dataset/test/MRI/images/5_MR_z0001.npy,,/Users/ayushchhetry/spartis assignment/JUH_MR-CT_dataset/MR/image_MR/5_MR.dcm
5_MR,MRI,test,2,/Users/ayushchhetry/spartis assignment/dataset/test/MRI/images/5_MR_z0002.npy,,/Users/ayushchhetry/spartis assignment/JUH_MR-CT_dataset/MR/image_MR/5_MR.dcm
7_MR_s3,MRI,test,0,/Users/ayushchhetry/spartis assignment/dataset/test/MRI/images/7_MR_s3_z0000.npy,/Users/ayushchhetry/spartis assignment/dataset/test/MRI/masks/7_MR_m3_z0000.npy,/Users/ayushchhetry/spartis assignment/JUH_MR-CT_dataset/MR/image_MR/7_MR_s3.dcm
7_MR_s3,MRI,test,1,/Users/ayushchhetry/spartis assignment/dataset/test/MRI/images/7_MR_s3_z0001.npy,/Users/ayushchhetry/spartis assignment/dataset/test/MRI/masks/7_MR_m3_z0001.npy,/Users/ayushchhetry/spartis assignment/JUH_MR-CT_dataset/MR/image_MR/7_MR_s3.dcm
7_MR_s3,MRI,test,2,/Users/ayushchhetry/spartis assignment/dataset/test/MRI/images/7_MR_s3_z0002.npy,/Users/ayushchhetry/spartis assignment/dataset/test/MRI/masks/7_MR_m3_z0002.npy,/Users/ayushchhetry/spartis assignment/JUH_MR-CT_dataset/MR/image_MR/7_MR_s3.dcm
10_CT_s1,CT,train,0,/Users/ayushchhetry/spartis assignment/dataset/train/CT/images/10_CT_s1_z0000.npy,/Users/ayushchhetry/spartis assignment/dataset/train/CT/masks/10_CT_m1_z0000.npy,/Users/ayushchhetry/spartis assignment/JUH_MR-CT_dataset/CT/image_CT/10_CT_s1.dcm
10_CT_s1,CT,train,1,/Users/ayushchhetry/spartis assignment/dataset/train/CT/images/10_CT_s1_z0001.npy,/Users/ayushchhetry/spartis assignment/dataset/train/CT/masks/10_CT_m1_z0001.npy,/Users/ayushchhetry/spartis assignment/JUH_MR-CT_dataset/CT/image_CT/10_CT_s1.dcm
10_CT_s1,CT,train,2,/Users/ayushchhetry/spartis assignment/dataset/train/CT/images/10_CT_s1_z0002.npy,/Users/ayushchhetry/spartis assignment/dataset/train/CT/masks/10_CT_m1_z0002.npy,/Users/ayushchhetry/spartis assignment/JUH_MR-CT_dataset/CT/image_CT/10_CT_s1.dcm
10_CT_s2,CT,train,0,/Users/ayushchhetry/spartis assignment/dataset/train/CT/images/10_CT_s2_z0000.npy,/Users/ayushchhetry/spartis assignment/dataset/train/CT/masks/10_CT_m2_z0000.npy,/Users/ayushchhetry/spartis assignment/JUH_MR-CT_dataset/CT/image_CT/10_CT_s2.dcm
10_CT_s2,CT,train,1,/Users/ayushchhetry/spartis assignment/dataset/train/CT/images/10_CT_s2_z0001.npy,/Users/ayushchhetry/spartis assignment/dataset/train/CT/masks/10_CT_m2_z0001.npy,/Users/ayushchhetry/spartis assignment/JUH_MR-CT_dataset/CT/image_CT/10_CT_s2.dcm
10_CT_s2,CT,train,2,/Users/ayushchhetry/spartis assignment/dataset/train/CT/images/10_CT_s2_z0002.npy,/Users/ayushchhetry/spartis assignment/dataset/train/CT/masks/10_CT_m2_z0002.npy,/Users/ayushchhetry/spartis assignment/JUH_MR-CT_dataset/CT/image_CT/10_CT_s2.dcm
10_CT_s3,CT,train,0,/Users/ayushchhetry/spartis assignment/dataset/train/CT/images/10_CT_s3_z0000.npy,/Users/ayushchhetry/spartis assignment/dataset/train/CT/masks/10_CT_m3_z0000.npy,/Users/ayushchhetry/spartis assignment/JUH_MR-CT_dataset/CT/image_CT/10_CT_s3.dcm
10_CT_s3,CT,train,1,/Users/ayushchhetry/spartis assignment/dataset/train/CT/images/10_CT_s3_z0001.npy,/Users/ayushchhetry/spartis assignment/dataset/train/CT/masks/10_CT_m3_z0001.npy,/Users/ayushchhetry/spartis assignment/JUH_MR-CT_dataset/CT/image_CT/10_CT_s3.dcm
10_CT_s3,CT,train,2,/Users/ayushchhetry/spartis assignment/dataset/train/CT/images/10_CT_s3_z0002.npy,/Users/ayushchhetry/spartis assignment/dataset/train/CT/masks/10_CT_m3_z0002.npy,/Users/ayushchhetry/spartis assignment/JUH_MR-CT_dataset/CT/image_CT/10_CT_s3.dcm
10_CT_s5,CT,train,0,/Users/ayushchhetry/spartis assignment/dataset/train/CT/images/10_CT_s5_z0000.npy,/Users/ayushchhetry/spartis assignment/dataset/train/CT/masks/10_CT_m5_z0000.npy,/Users/ayushchhetry/spartis assignment/JUH_MR-CT_dataset/CT/image_CT/10_CT_s5.dcm
10_CT_s5,CT,train,1,/Users/ayushchhetry/spartis assignment/dataset/train/CT/images/10_CT_s5_z0001.npy,/Users/ayushchhetry/spartis assignment/dataset/train/CT/masks/10_CT_m5_z0001.npy,/Users/ayushchhetry/spartis assignment/JUH_MR-CT_dataset/CT/image_CT/10_CT_s5.dcm
10_CT_s5,CT,train,2,/Users/ayushchhetry/spartis assignment/dataset/train/CT/images/10_CT_s5_z0002.npy,/Users/ayushchhetry/spartis assignment/dataset/train/CT/masks/10_CT_m5_z0002.npy,/Users/ayushchhetry/spartis assignment/JUH_MR-CT_dataset/CT/image_CT/10_CT_s5.dcm
11_CT_s1,CT,train,0,/Users/ayushchhetry/spartis assignment/dataset/train/CT/images/11_CT_s1_z0000.npy,/Users/ayushchhetry/spartis assignment/dataset/train/CT/masks/11_CT_m1_z0000.npy,/Users/ayushchhetry/spartis assignment/JUH_MR-CT_dataset/CT/image_CT/11_CT_s1.dcm
11_CT_s1,CT,train,1,/Users/ayushchhetry/spartis assignment/dataset/train/CT/images/11_CT_s1_z0001.npy,/Users/ayushchhetry/spartis assignment/dataset/train/CT/masks/11_CT_m1_z0001.npy,/Users/ayushchhetry/spartis assignment/JUH_MR-CT_dataset/CT/image_CT/11_CT_s1.dcm
11_CT_s1,CT,train,2,/Users/ayushchhetry/spartis assignment/dataset/train/CT/images/11_CT_s1_z0002.npy,/Users/ayushchhetry/spartis assignment/dataset/train/CT/masks/11_CT_m1_z0002.npy,/Users/ayushchhetry/spartis assignment/JUH_MR-CT_dataset/CT/image_CT/11_CT_s1.dcm
11_CT_s3,CT,train,0,/Users/ayushchhetry/spartis assignment/dataset/train/CT/images/11_CT_s3_z0000.npy,/Users/ayushchhetry/spartis assignment/dataset/train/CT/masks/11_CT_m3_z0000.npy,/Users/ayushchhetry/spartis assignment/JUH_MR-CT_dataset/CT/image_CT/11_CT_s3.dcm
11_CT_s3,CT,train,1,/Users/ayushchhetry/spartis assignment/dataset/train/CT/images/11_CT_s3_z0001.npy,/Users/ayushchhetry/spartis assignment/dataset/train/CT/masks/11_CT_m3_z0001.npy,/Users/ayushchhetry/spartis assignment/JUH_MR-CT_dataset/CT/image_CT/11_CT_s3.dcm
11_CT_s3,CT,train,2,/Users/ayushchhetry/spartis assignment/dataset/train/CT/images/11_CT_s3_z0002.npy,/Users/ayushchhetry/spartis assignment/dataset/train/CT/masks/11_CT_m3_z0002.npy,/Users/ayushchhetry/spartis assignment/JUH_MR-CT_dataset/CT/image_CT/11_CT_s3.dcm
11_CT_s5,CT,train,0,/Users/ayushchhetry/spartis assignment/dataset/train/CT/images/11_CT_s5_z0000.npy,/Users/ayushchhetry/spartis assignment/dataset/train/CT/masks/11_CT_m5_z0000.npy,/Users/ayushchhetry/spartis assignment/JUH_MR-CT_dataset/CT/image_CT/11_CT_s5.dcm
11_CT_s5,CT,train,1,/Users/ayushchhetry/spartis assignment/dataset/train/CT/images/11_CT_s5_z0001.npy,/Users/ayushchhetry/spartis assignment/dataset/train/CT/masks/11_CT_m5_z0001.npy,/Users/ayushchhetry/spartis assignment/JUH_MR-CT_dataset/CT/image_CT/11_CT_s5.dcm
11_CT_s5,CT,train,2,/Users/ayushchhetry/spartis assignment/dataset/train/CT/images/11_CT_s5_z0002.npy,/Users/ayushchhetry/spartis assignment/dataset/train/CT/masks/11_CT_m5_z0002.npy,/Users/ayushchhetry/spartis assignment/JUH_MR-CT_dataset/CT/image_CT/11_CT_s5.dcm
12_CT_s1,CT,train,0,/Users/ayushchhetry/spartis assignment/dataset/train/CT/images/12_CT_s1_z0000.npy,/Users/ayushchhetry/spartis assignment/dataset/train/CT/masks/12_CT_m1_z0000.npy,/Users/ayushchhetry/spartis assignment/JUH_MR-CT_dataset/CT/image_CT/12_CT_s1.dcm
12_CT_s1,CT,train,1,/Users/ayushchhetry/spartis assignment/dataset/train/CT/images/12_CT_s1_z0001.npy,/Users/ayushchhetry/spartis assignment/dataset/train/CT/masks/12_CT_m1_z0001.npy,/Users/ayushchhetry/spartis assignment/JUH_MR-CT_dataset/CT/image_CT/12_CT_s1.dcm
12_CT_s1,CT,train,2,/Users/ayushchhetry/spartis assignment/dataset/train/CT/images/12_CT_s1_z0002.npy,/Users/ayushchhetry/spartis assignment/dataset/train/CT/masks/12_CT_m1_z0002.npy,/Users/ayushchhetry/spartis assignment/JUH_MR-CT_dataset/CT/image_CT/12_CT_s1.dcm
14_CT_s1,CT,train,0,/Users/ayushchhetry/spartis assignment/dataset/train/CT/images/14_CT_s1_z0000.npy,/Users/ayushchhetry/spartis assignment/dataset/train/CT/masks/14_CT_m1_z0000.npy,/Users/ayushchhetry/spartis assignment/JUH_MR-CT_dataset/CT/image_CT/14_CT_s1.dcm
14_CT_s1,CT,train,1,/Users/ayushchhetry/spartis assignment/dataset/train/CT/images/14_CT_s1_z0001.npy,/Users/ayushchhetry/spartis assignment/dataset/train/CT/masks/14_CT_m1_z0001.npy,/Users/ayushchhetry/spartis assignment/JUH_MR-CT_dataset/CT/image_CT/14_CT_s1.dcm
14_CT_s1,CT,train,2,/Users/ayushchhetry/spartis assignment/dataset/train/CT/images/14_CT_s1_z0002.npy,/Users/ayushchhetry/spartis assignment/dataset/train/CT/masks/14_CT_m1_z0002.npy,/Users/ayushchhetry/spartis assignment/JUH_MR-CT_dataset/CT/image_CT/14_CT_s1.dcm
14_CT_s2,CT,train,0,/Users/ayushchhetry/spartis assignment/dataset/train/CT/images/14_CT_s2_z0000.npy,/Users/ayushchhetry/spartis assignment/dataset/train/CT/masks/14_CT_s2_z0000.npy,/Users/ayushchhetry/spartis assignment/JUH_MR-CT_dataset/CT/image_CT/14_CT_s2.dcm
14_CT_s2,CT,train,1,/Users/ayushchhetry/spartis assignment/dataset/train/CT/images/14_CT_s2_z0001.npy,/Users/ayushchhetry/spartis assignment/dataset/train/CT/masks/14_CT_s2_z0001.npy,/Users/ayushchhetry/spartis assignment/JUH_MR-CT_dataset/CT/image_CT/14_CT_s2.dcm
14_CT_s2,CT,train,2,/Users/ayushchhetry/spartis assignment/dataset/train/CT/images/14_CT_s2_z0002.npy,/Users/ayushchhetry/spartis assignment/dataset/train/CT/masks/14_CT_s2_z0002.npy,/Users/ayushchhetry/spartis assignment/JUH_MR-CT_dataset/CT/image_CT/14_CT_s2.dcm
14_CT_s3,CT,train,0,/Users/ayushchhetry/spartis assignment/dataset/train/CT/images/14_CT_s3_z0000.npy,/Users/ayushchhetry/spartis assignment/dataset/train/CT/masks/14_CT_s3_z0000.npy,/Users/ayushchhetry/spartis assignment/JUH_MR-CT_dataset/CT/image_CT/14_CT_s3.dcm
14_CT_s3,CT,train,1,/Users/ayushchhetry/spartis assignment/dataset/train/CT/images/14_CT_s3_z0001.npy,/Users/ayushchhetry/spartis assignment/dataset/train/CT/masks/14_CT_s3_z0001.npy,/Users/ayushchhetry/spartis assignment/JUH_MR-CT_dataset/CT/image_CT/14_CT_s3.dcm
14_CT_s3,CT,train,2,/Users/ayushchhetry/spartis assignment/dataset/train/CT/images/14_CT_s3_z0002.npy,/Users/ayushchhetry/spartis assignment/dataset/train/CT/masks/14_CT_s3_z0002.npy,/Users/ayushchhetry/spartis assignment/JUH_MR-CT_dataset/CT/image_CT/14_CT_s3.dcm
14_CT_s4,CT,train,0,/Users/ayushchhetry/spartis assignment/dataset/train/CT/images/14_CT_s4_z0000.npy,/Users/ayushchhetry/spartis assignment/dataset/train/CT/masks/14_CT_s4_z0000.npy,/Users/ayushchhetry/spartis assignment/JUH_MR-CT_dataset/CT/image_CT/14_CT_s4.dcm
14_CT_s4,CT,train,1,/Users/ayushchhetry/spartis assignment/dataset/train/CT/images/14_CT_s4_z0001.npy,/Users/ayushchhetry/spartis assignment/dataset/train/CT/masks/14_CT_s4_z0001.npy,/Users/ayushchhetry/spartis assignment/JUH_MR-CT_dataset/CT/image_CT/14_CT_s4.dcm
14_CT_s4,CT,train,2,/Users/ayushchhetry/spartis assignment/dataset/train/CT/images/14_CT_s4_z0002.npy,/Users/ayushchhetry/spartis assignment/dataset/train/CT/masks/14_CT_s4_z0002.npy,/Users/ayushchhetry/spartis assignment/JUH_MR-CT_dataset/CT/image_CT/14_CT_s4.dcm
15_CT_s1,CT,train,0,/Users/ayushchhetry/spartis assignment/dataset/train/CT/images/15_CT_s1_z0000.npy,/Users/ayushchhetry/spartis assignment/dataset/train/CT/masks/15_CT_m1_z0000.npy,/Users/ayushchhetry/spartis assignment/JUH_MR-CT_dataset/CT/image_CT/15_CT_s1.dcm
15_CT_s1,CT,train,1,/Users/ayushchhetry/spartis assignment/dataset/train/CT/images/15_CT_s1_z0001.npy,/Users/ayushchhetry/spartis assignment/dataset/train/CT/masks/15_CT_m1_z0001.npy,/Users/ayushchhetry/spartis assignment/JUH_MR-CT_dataset/CT/image_CT/15_CT_s1.dcm
15_CT_s1,CT,train,2,/Users/ayushchhetry/spartis assignment/dataset/train/CT/images/15_CT_s1_z0002.npy,/Users/ayushchhetry/spartis assignment/dataset/train/CT/masks/15_CT_m1_z0002.npy,/Users/ayushchhetry/spartis assignment/JUH_MR-CT_dataset/CT/image_CT/15_CT_s1.dcm
15_CT_s2,CT,train,0,/Users/ayushchhetry/spartis assignment/dataset/train/CT/images/15_CT_s2_z0000.npy,/Users/ayushchhetry/spartis assignment/dataset/train/CT/masks/15_CT_m2_z0000.npy,/Users/ayushchhetry/spartis assignment/JUH_MR-CT_dataset/CT/image_CT/15_CT_s2.dcm
15_CT_s2,CT,train,1,/Users/ayushchhetry/spartis assignment/dataset/train/CT/images/15_CT_s2_z0001.npy,/Users/ayushchhetry/spartis assignment/dataset/train/CT/masks/15_CT_m2_z0001.npy,/Users/ayushchhetry/spartis assignment/JUH_MR-CT_dataset/CT/image_CT/15_CT_s2.dcm
15_CT_s2,CT,train,2,/Users/ayushchhetry/spartis assignment/dataset/train/CT/images/15_CT_s2_z0002.npy,/Users/ayushchhetry/spartis assignment/dataset/train/CT/masks/15_CT_m2_z0002.npy,/Users/ayushchhetry/spartis assignment/JUH_MR-CT_dataset/CT/image_CT/15_CT_s2.dcm
15_CT_s4,CT,train,0,/Users/ayushchhetry/spartis assignment/dataset/train/CT/images/15_CT_s4_z0000.npy,/Users/ayushchhetry/spartis assignment/dataset/train/CT/masks/15_CT_m4_z0000.npy,/Users/ayushchhetry/spartis assignment/JUH_MR-CT_dataset/CT/image_CT/15_CT_s4.dcm
15_CT_s4,CT,train,1,/Users/ayushchhetry/spartis assignment/dataset/train/CT/images/15_CT_s4_z0001.npy,/Users/ayushchhetry/spartis assignment/dataset/train/CT/masks/15_CT_m4_z0001.npy,/Users/ayushchhetry/spartis assignment/JUH_MR-CT_dataset/CT/image_CT/15_CT_s4.dcm
15_CT_s4,CT,train,2,/Users/ayushchhetry/spartis assignment/dataset/train/CT/images/15_CT_s4_z0002.npy,/Users/ayushchhetry/spartis assignment/dataset/train/CT/masks/15_CT_m4_z0002.npy,/Users/ayushchhetry/spartis assignment/JUH_MR-CT_dataset/CT/image_CT/15_CT_s4.dcm
15_CT_s5,CT,train,0,/Users/ayushchhetry/spartis assignment/dataset/train/CT/images/15_CT_s5_z0000.npy,/Users/ayushchhetry/spartis assignment/dataset/train/CT/masks/15_CT_m5_z0000.npy,/Users/ayushchhetry/spartis assignment/JUH_MR-CT_dataset/CT/image_CT/15_CT_s5.dcm
15_CT_s5,CT,train,1,/Users/ayushchhetry/spartis assignment/dataset/train/CT/images/15_CT_s5_z0001.npy,/Users/ayushchhetry/spartis assignment/dataset/train/CT/masks/15_CT_m5_z0001.npy,/Users/ayushchhetry/spartis assignment/JUH_MR-CT_dataset/CT/image_CT/15_CT_s5.dcm
15_CT_s5,CT,train,2,/Users/ayushchhetry/spartis assignment/dataset/train/CT/images/15_CT_s5_z0002.npy,/Users/ayushchhetry/spartis assignment/dataset/train/CT/masks/15_CT_m5_z0002.npy,/Users/ayushchhetry/spartis assignment/JUH_MR-CT_dataset/CT/image_CT/15_CT_s5.dcm
15_CT_s6,CT,train,0,/Users/ayushchhetry/spartis assignment/dataset/train/CT/images/15_CT_s6_z0000.npy,/Users/ayushchhetry/spartis assignment/dataset/train/CT/masks/15_CT_m6_z0000.npy,/Users/ayushchhetry/spartis assignment/JUH_MR-CT_dataset/CT/image_CT/15_CT_s6.dcm
15_CT_s6,CT,train,1,/Users/ayushchhetry/spartis assignment/dataset/train/CT/images/15_CT_s6_z0001.npy,/Users/ayushchhetry/spartis assignment/dataset/train/CT/masks/15_CT_m6_z0001.npy,/Users/ayushchhetry/spartis assignment/JUH_MR-CT_dataset/CT/image_CT/15_CT_s6.dcm
15_CT_s6,CT,train,2,/Users/ayushchhetry/spartis assignment/dataset/train/CT/images/15_CT_s6_z0002.npy,/Users/ayushchhetry/spartis assignment/dataset/train/CT/masks/15_CT_m6_z0002.npy,/Users/ayushchhetry/spartis assignment/JUH_MR-CT_dataset/CT/image_CT/15_CT_s6.dcm
16_CT_s1,CT,train,0,/Users/ayushchhetry/spartis assignment/dataset/train/CT/images/16_CT_s1_z0000.npy,/Users/ayushchhetry/spartis assignment/dataset/train/CT/masks/16_CT_m1_z0000.npy,/Users/ayushchhetry/spartis assignment/JUH_MR-CT_dataset/CT/image_CT/16_CT_s1.dcm
16_CT_s1,CT,train,1,/Users/ayushchhetry/spartis assignment/dataset/train/CT/images/16_CT_s1_z0001.npy,/Users/ayushchhetry/spartis assignment/dataset/train/CT/masks/16_CT_m1_z0001.npy,/Users/ayushchhetry/spartis assignment/JUH_MR-CT_dataset/CT/image_CT/16_CT_s1.dcm
16_CT_s1,CT,train,2,/Users/ayushchhetry/spartis assignment/dataset/train/CT/images/16_CT_s1_z0002.npy,/Users/ayushchhetry/spartis assignment/dataset/train/CT/masks/16_CT_m1_z0002.npy,/Users/ayushchhetry/spartis assignment/JUH_MR-CT_dataset/CT/image_CT/16_CT_s1.dcm
16_CT_s3,CT,train,0,/Users/ayushchhetry/spartis assignment/dataset/train/CT/images/16_CT_s3_z0000.npy,/Users/ayushchhetry/spartis assignment/dataset/train/CT/masks/16_CT_m3_z0000.npy,/Users/ayushchhetry/spartis assignment/JUH_MR-CT_dataset/CT/image_CT/16_CT_s3.dcm
16_CT_s3,CT,train,1,/Users/ayushchhetry/spartis assignment/dataset/train/CT/images/16_CT_s3_z0001.npy,/Users/ayushchhetry/spartis assignment/dataset/train/CT/masks/16_CT_m3_z0001.npy,/Users/ayushchhetry/spartis assignment/JUH_MR-CT_dataset/CT/image_CT/16_CT_s3.dcm
16_CT_s3,CT,train,2,/Users/ayushchhetry/spartis assignment/dataset/train/CT/images/16_CT_s3_z0002.npy,/Users/ayushchhetry/spartis assignment/dataset/train/CT/masks/16_CT_m3_z0002.npy,/Users/ayushchhetry/spartis assignment/JUH_MR-CT_dataset/CT/image_CT/16_CT_s3.dcm
16_CT_s4,CT,train,0,/Users/ayushchhetry/spartis assignment/dataset/train/CT/images/16_CT_s4_z0000.npy,/Users/ayushchhetry/spartis assignment/dataset/train/CT/masks/16_CT_m4_z0000.npy,/Users/ayushchhetry/spartis assignment/JUH_MR-CT_dataset/CT/image_CT/16_CT_s4.dcm
16_CT_s4,CT,train,1,/Users/ayushchhetry/spartis assignment/dataset/train/CT/images/16_CT_s4_z0001.npy,/Users/ayushchhetry/spartis assignment/dataset/train/CT/masks/16_CT_m4_z0001.npy,/Users/ayushchhetry/spartis assignment/JUH_MR-CT_dataset/CT/image_CT/16_CT_s4.dcm
16_CT_s4,CT,train,2,/Users/ayushchhetry/spartis assignment/dataset/train/CT/images/16_CT_s4_z0002.npy,/Users/ayushchhetry/spartis assignment/dataset/train/CT/masks/16_CT_m4_z0002.npy,/Users/ayushchhetry/spartis assignment/JUH_MR-CT_dataset/CT/image_CT/16_CT_s4.dcm
16_CT_s5,CT,train,0,/Users/ayushchhetry/spartis assignment/dataset/train/CT/images/16_CT_s5_z0000.npy,/Users/ayushchhetry/spartis assignment/dataset/train/CT/masks/16_CT_m5_z0000.npy,/Users/ayushchhetry/spartis assignment/JUH_MR-CT_dataset/CT/image_CT/16_CT_s5.dcm
16_CT_s5,CT,train,1,/Users/ayushchhetry/spartis assignment/dataset/train/CT/images/16_CT_s5_z0001.npy,/Users/ayushchhetry/spartis assignment/dataset/train/CT/masks/16_CT_m5_z0001.npy,/Users/ayushchhetry/spartis assignment/JUH_MR-CT_dataset/CT/image_CT/16_CT_s5.dcm
16_CT_s5,CT,train,2,/Users/ayushchhetry/spartis assignment/dataset/train/CT/images/16_CT_s5_z0002.npy,/Users/ayushchhetry/spartis assignment/dataset/train/CT/masks/16_CT_m5_z0002.npy,/Users/ayushchhetry/spartis assignment/JUH_MR-CT_dataset/CT/image_CT/16_CT_s5.dcm
17_CT_s1,CT,train,0,/Users/ayushchhetry/spartis assignment/dataset/train/CT/images/17_CT_s1_z0000.npy,/Users/ayushchhetry/spartis assignment/dataset/train/CT/masks/17_CT_m1_z0000.npy,/Users/ayushchhetry/spartis assignment/JUH_MR-CT_dataset/CT/image_CT/17_CT_s1.dcm
17_CT_s1,CT,train,1,/Users/ayushchhetry/spartis assignment/dataset/train/CT/images/17_CT_s1_z0001.npy,/Users/ayushchhetry/spartis assignment/dataset/train/CT/masks/17_CT_m1_z0001.npy,/Users/ayushchhetry/spartis assignment/JUH_MR-CT_dataset/CT/image_CT/17_CT_s1.dcm
17_CT_s1,CT,train,2,/Users/ayushchhetry/spartis assignment/dataset/train/CT/images/17_CT_s1_z0002.npy,/Users/ayushchhetry/spartis assignment/dataset/train/CT/masks/17_CT_m1_z0002.npy,/Users/ayushchhetry/spartis assignment/JUH_MR-CT_dataset/CT/image_CT/17_CT_s1.dcm
17_CT_s2,CT,train,0,/Users/ayushchhetry/spartis assignment/dataset/train/CT/images/17_CT_s2_z0000.npy,/Users/ayushchhetry/spartis assignment/dataset/train/CT/masks/17_CT_m2_z0000.npy,/Users/ayushchhetry/spartis assignment/JUH_MR-CT_dataset/CT/image_CT/17_CT_s2.dcm
17_CT_s2,CT,train,1,/Users/ayushchhetry/spartis assignment/dataset/train/CT/images/17_CT_s2_z0001.npy,/Users/ayushchhetry/spartis assignment/dataset/train/CT/masks/17_CT_m2_z0001.npy,/Users/ayushchhetry/spartis assignment/JUH_MR-CT_dataset/CT/image_CT/17_CT_s2.dcm
17_CT_s2,CT,train,2,/Users/ayushchhetry/spartis assignment/dataset/train/CT/images/17_CT_s2_z0002.npy,/Users/ayushchhetry/spartis assignment/dataset/train/CT/masks/17_CT_m2_z0002.npy,/Users/ayushchhetry/spartis assignment/JUH_MR-CT_dataset/CT/image_CT/17_CT_s2.dcm
17_CT_s3,CT,train,0,/Users/ayushchhetry/spartis assignment/dataset/train/CT/images/17_CT_s3_z0000.npy,/Users/ayushchhetry/spartis assignment/dataset/train/CT/masks/17_CT_m3_z0000.npy,/Users/ayushchhetry/spartis assignment/JUH_MR-CT_dataset/CT/image_CT/17_CT_s3.dcm
17_CT_s3,CT,train,1,/Users/ayushchhetry/spartis assignment/dataset/train/CT/images/17_CT_s3_z0001.npy,/Users/ayushchhetry/spartis assignment/dataset/train/CT/masks/17_CT_m3_z0001.npy,/Users/ayushchhetry/spartis assignment/JUH_MR-CT_dataset/CT/image_CT/17_CT_s3.dcm
17_CT_s3,CT,train,2,/Users/ayushchhetry/spartis assignment/dataset/train/CT/images/17_CT_s3_z0002.npy,/Users/ayushchhetry/spartis assignment/dataset/train/CT/masks/17_CT_m3_z0002.npy,/Users/ayushchhetry/spartis assignment/JUH_MR-CT_dataset/CT/image_CT/17_CT_s3.dcm
18_CT_s1,CT,train,0,/Users/ayushchhetry/spartis assignment/dataset/train/CT/images/18_CT_s1_z0000.npy,/Users/ayushchhetry/spartis assignment/dataset/train/CT/masks/18_CT_m1_z0000.npy,/Users/ayushchhetry/spartis assignment/JUH_MR-CT_dataset/CT/image_CT/18_CT_s1.dcm
18_CT_s1,CT,train,1,/Users/ayushchhetry/spartis assignment/dataset/train/CT/images/18_CT_s1_z0001.npy,/Users/ayushchhetry/spartis assignment/dataset/train/CT/masks/18_CT_m1_z0001.npy,/Users/ayushchhetry/spartis assignment/JUH_MR-CT_dataset/CT/image_CT/18_CT_s1.dcm
18_CT_s1,CT,train,2,/Users/ayushchhetry/spartis assignment/dataset/train/CT/images/18_CT_s1_z0002.npy,/Users/ayushchhetry/spartis assignment/dataset/train/CT/masks/18_CT_m1_z0002.npy,/Users/ayushchhetry/spartis assignment/JUH_MR-CT_dataset/CT/image_CT/18_CT_s1.dcm
18_CT_s2,CT,train,0,/Users/ayushchhetry/spartis assignment/dataset/train/CT/images/18_CT_s2_z0000.npy,/Users/ayushchhetry/spartis assignment/dataset/train/CT/masks/18_CT_m2_z0000.npy,/Users/ayushchhetry/spartis assignment/JUH_MR-CT_dataset/CT/image_CT/18_CT_s2.dcm
18_CT_s2,CT,train,1,/Users/ayushchhetry/spartis assignment/dataset/train/CT/images/18_CT_s2_z0001.npy,/Users/ayushchhetry/spartis assignment/dataset/train/CT/masks/18_CT_m2_z0001.npy,/Users/ayushchhetry/spartis assignment/JUH_MR-CT_dataset/CT/image_CT/18_CT_s2.dcm
18_CT_s2,CT,train,2,/Users/ayushchhetry/spartis assignment/dataset/train/CT/images/18_CT_s2_z0002.npy,/Users/ayushchhetry/spartis assignment/dataset/train/CT/masks/18_CT_m2_z0002.npy,/Users/ayushchhetry/spartis assignment/JUH_MR-CT_dataset/CT/image_CT/18_CT_s2.dcm
18_CT_s3,CT,train,0,/Users/ayushchhetry/spartis assignment/dataset/train/CT/images/18_CT_s3_z0000.npy,/Users/ayushchhetry/spartis assignment/dataset/train/CT/masks/18_CT_m3_z0000.npy,/Users/ayushchhetry/spartis assignment/JUH_MR-CT_dataset/CT/image_CT/18_CT_s3.dcm
18_CT_s3,CT,train,1,/Users/ayushchhetry/spartis assignment/dataset/train/CT/images/18_CT_s3_z0001.npy,/Users/ayushchhetry/spartis assignment/dataset/train/CT/masks/18_CT_m3_z0001.npy,/Users/ayushchhetry/spartis assignment/JUH_MR-CT_dataset/CT/image_CT/18_CT_s3.dcm
18_CT_s3,CT,train,2,/Users/ayushchhetry/spartis assignment/dataset/train/CT/images/18_CT_s3_z0002.npy,/Users/ayushchhetry/spartis assignment/dataset/train/CT/masks/18_CT_m3_z0002.npy,/Users/ayushchhetry/spartis assignment/JUH_MR-CT_dataset/CT/image_CT/18_CT_s3.dcm
18_CT_s4,CT,train,0,/Users/ayushchhetry/spartis assignment/dataset/train/CT/images/18_CT_s4_z0000.npy,/Users/ayushchhetry/spartis assignment/dataset/train/CT/masks/18_CT_m4_z0000.npy,/Users/ayushchhetry/spartis assignment/JUH_MR-CT_dataset/CT/image_CT/18_CT_s4.dcm
18_CT_s4,CT,train,1,/Users/ayushchhetry/spartis assignment/dataset/train/CT/images/18_CT_s4_z0001.npy,/Users/ayushchhetry/spartis assignment/dataset/train/CT/masks/18_CT_m4_z0001.npy,/Users/ayushchhetry/spartis assignment/JUH_MR-CT_dataset/CT/image_CT/18_CT_s4.dcm
18_CT_s4,CT,train,2,/Users/ayushchhetry/spartis assignment/dataset/train/CT/images/18_CT_s4_z0002.npy,/Users/ayushchhetry/spartis assignment/dataset/train/CT/masks/18_CT_m4_z0002.npy,/Users/ayushchhetry/spartis assignment/JUH_MR-CT_dataset/CT/image_CT/18_CT_s4.dcm
19_CT_s1,CT,train,0,/Users/ayushchhetry/spartis assignment/dataset/train/CT/images/19_CT_s1_z0000.npy,/Users/ayushchhetry/spartis assignment/dataset/train/CT/masks/19_CT_m1_z0000.npy,/Users/ayushchhetry/spartis assignment/JUH_MR-CT_dataset/CT/image_CT/19_CT_s1.dcm
19_CT_s1,CT,train,1,/Users/ayushchhetry/spartis assignment/dataset/train/CT/images/19_CT_s1_z0001.npy,/Users/ayushchhetry/spartis assignment/dataset/train/CT/masks/19_CT_m1_z0001.npy,/Users/ayushchhetry/spartis assignment/JUH_MR-CT_dataset/CT/image_CT/19_CT_s1.dcm
19_CT_s1,CT,train,2,/Users/ayushchhetry/spartis assignment/dataset/train/CT/images/19_CT_s1_z0002.npy,/Users/ayushchhetry/spartis assignment/dataset/train/CT/masks/19_CT_m1_z0002.npy,/Users/ayushchhetry/spartis assignment/JUH_MR-CT_dataset/CT/image_CT/19_CT_s1.dcm
19_CT_s2,CT,train,0,/Users/ayushchhetry/spartis assignment/dataset/train/CT/images/19_CT_s2_z0000.npy,/Users/ayushchhetry/spartis assignment/dataset/train/CT/masks/19_CT_m2_z0000.npy,/Users/ayushchhetry/spartis assignment/JUH_MR-CT_dataset/CT/image_CT/19_CT_s2.dcm
19_CT_s2,CT,train,1,/Users/ayushchhetry/spartis assignment/dataset/train/CT/images/19_CT_s2_z0001.npy,/Users/ayushchhetry/spartis assignment/dataset/train/CT/masks/19_CT_m2_z0001.npy,/Users/ayushchhetry/spartis assignment/JUH_MR-CT_dataset/CT/image_CT/19_CT_s2.dcm
19_CT_s2,CT,train,2,/Users/ayushchhetry/spartis assignment/dataset/train/CT/images/19_CT_s2_z0002.npy,/Users/ayushchhetry/spartis assignment/dataset/train/CT/masks/19_CT_m2_z0002.npy,/Users/ayushchhetry/spartis assignment/JUH_MR-CT_dataset/CT/image_CT/19_CT_s2.dcm
19_CT_s3,CT,train,0,/Users/ayushchhetry/spartis assignment/dataset/train/CT/images/19_CT_s3_z0000.npy,/Users/ayushchhetry/spartis assignment/dataset/train/CT/masks/19_CT_m3_z0000.npy,/Users/ayushchhetry/spartis assignment/JUH_MR-CT_dataset/CT/image_CT/19_CT_s3.dcm
19_CT_s3,CT,train,1,/Users/ayushchhetry/spartis assignment/dataset/train/CT/images/19_CT_s3_z0001.npy,/Users/ayushchhetry/spartis assignment/dataset/train/CT/masks/19_CT_m3_z0001.npy,/Users/ayushchhetry/spartis assignment/JUH_MR-CT_dataset/CT/image_CT/19_CT_s3.dcm
19_CT_s3,CT,train,2,/Users/ayushchhetry/spartis assignment/dataset/train/CT/images/19_CT_s3_z0002.npy,/Users/ayushchhetry/spartis assignment/dataset/train/CT/masks/19_CT_m3_z0002.npy,/Users/ayushchhetry/spartis assignment/JUH_MR-CT_dataset/CT/image_CT/19_CT_s3.dcm
19_CT_s4,CT,train,0,/Users/ayushchhetry/spartis assignment/dataset/train/CT/images/19_CT_s4_z0000.npy,/Users/ayushchhetry/spartis assignment/dataset/train/CT/masks/19_CT_m4_z0000.npy,/Users/ayushchhetry/spartis assignment/JUH_MR-CT_dataset/CT/image_CT/19_CT_s4.dcm
19_CT_s4,CT,train,1,/Users/ayushchhetry/spartis assignment/dataset/train/CT/images/19_CT_s4_z0001.npy,/Users/ayushchhetry/spartis assignment/dataset/train/CT/masks/19_CT_m4_z0001.npy,/Users/ayushchhetry/spartis assignment/JUH_MR-CT_dataset/CT/image_CT/19_CT_s4.dcm
19_CT_s4,CT,train,2,/Users/ayushchhetry/spartis assignment/dataset/train/CT/images/19_CT_s4_z0002.npy,/Users/ayushchhetry/spartis assignment/dataset/train/CT/masks/19_CT_m4_z0002.npy,/Users/ayushchhetry/spartis assignment/JUH_MR-CT_dataset/CT/image_CT/19_CT_s4.dcm
19_CT_s5,CT,train,0,/Users/ayushchhetry/spartis assignment/dataset/train/CT/images/19_CT_s5_z0000.npy,/Users/ayushchhetry/spartis assignment/dataset/train/CT/masks/19_CT_m5_z0000.npy,/Users/ayushchhetry/spartis assignment/JUH_MR-CT_dataset/CT/image_CT/19_CT_s5.dcm
19_CT_s5,CT,train,1,/Users/ayushchhetry/spartis assignment/dataset/train/CT/images/19_CT_s5_z0001.npy,/Users/ayushchhetry/spartis assignment/dataset/train/CT/masks/19_CT_m5_z0001.npy,/Users/ayushchhetry/spartis assignment/JUH_MR-CT_dataset/CT/image_CT/19_CT_s5.dcm
19_CT_s5,CT,train,2,/Users/ayushchhetry/spartis assignment/dataset/train/CT/images/19_CT_s5_z0002.npy,/Users/ayushchhetry/spartis assignment/dataset/train/CT/masks/19_CT_m5_z0002.npy,/Users/ayushchhetry/spartis assignment/JUH_MR-CT_dataset/CT/image_CT/19_CT_s5.dcm
1_CT_s2,CT,train,0,/Users/ayushchhetry/spartis assignment/dataset/train/CT/images/1_CT_s2_z0000.npy,/Users/ayushchhetry/spartis assignment/dataset/train/CT/masks/1_CT_m2_z0000.npy,/Users/ayushchhetry/spartis assignment/JUH_MR-CT_dataset/CT/image_CT/1_CT_s2.dcm
1_CT_s2,CT,train,1,/Users/ayushchhetry/spartis assignment/dataset/train/CT/images/1_CT_s2_z0001.npy,/Users/ayushchhetry/spartis assignment/dataset/train/CT/masks/1_CT_m2_z0001.npy,/Users/ayushchhetry/spartis assignment/JUH_MR-CT_dataset/CT/image_CT/1_CT_s2.dcm
1_CT_s2,CT,train,2,/Users/ayushchhetry/spartis assignment/dataset/train/CT/images/1_CT_s2_z0002.npy,/Users/ayushchhetry/spartis assignment/dataset/train/CT/masks/1_CT_m2_z0002.npy,/Users/ayushchhetry/spartis assignment/JUH_MR-CT_dataset/CT/image_CT/1_CT_s2.dcm
1_CT_s4,CT,train,0,/Users/ayushchhetry/spartis assignment/dataset/train/CT/images/1_CT_s4_z0000.npy,/Users/ayushchhetry/spartis assignment/dataset/train/CT/masks/1_CT_m4_z0000.npy,/Users/ayushchhetry/spartis assignment/JUH_MR-CT_dataset/CT/image_CT/1_CT_s4.dcm
1_CT_s4,CT,train,1,/Users/ayushchhetry/spartis assignment/dataset/train/CT/images/1_CT_s4_z0001.npy,/Users/ayushchhetry/spartis assignment/dataset/train/CT/masks/1_CT_m4_z0001.npy,/Users/ayushchhetry/spartis assignment/JUH_MR-CT_dataset/CT/image_CT/1_CT_s4.dcm
1_CT_s4,CT,train,2,/Users/ayushchhetry/spartis assignment/dataset/train/CT/images/1_CT_s4_z0002.npy,/Users/ayushchhetry/spartis assignment/dataset/train/CT/masks/1_CT_m4_z0002.npy,/Users/ayushchhetry/spartis assignment/JUH_MR-CT_dataset/CT/image_CT/1_CT_s4.dcm
1_CT_s5,CT,train,0,/Users/ayushchhetry/spartis assignment/dataset/train/CT/images/1_CT_s5_z0000.npy,/Users/ayushchhetry/spartis assignment/dataset/train/CT/masks/1_CT_m5_z0000.npy,/Users/ayushchhetry/spartis assignment/JUH_MR-CT_dataset/CT/image_CT/1_CT_s5.dcm
1_CT_s5,CT,train,1,/Users/ayushchhetry/spartis assignment/dataset/train/CT/images/1_CT_s5_z0001.npy,/Users/ayushchhetry/spartis assignment/dataset/train/CT/masks/1_CT_m5_z0001.npy,/Users/ayushchhetry/spartis assignment/JUH_MR-CT_dataset/CT/image_CT/1_CT_s5.dcm
1_CT_s5,CT,train,2,/Users/ayushchhetry/spartis assignment/dataset/train/CT/images/1_CT_s5_z0002.npy,/Users/ayushchhetry/spartis assignment/dataset/train/CT/masks/1_CT_m5_z0002.npy,/Users/ayushchhetry/spartis assignment/JUH_MR-CT_dataset/CT/image_CT/1_CT_s5.dcm
20_CT_s1,CT,train,0,/Users/ayushchhetry/spartis assignment/dataset/train/CT/images/20_CT_s1_z0000.npy,/Users/ayushchhetry/spartis assignment/dataset/train/CT/masks/20_CT_m1_z0000.npy,/Users/ayushchhetry/spartis assignment/JUH_MR-CT_dataset/CT/image_CT/20_CT_s1.dcm
20_CT_s1,CT,train,1,/Users/ayushchhetry/spartis assignment/dataset/train/CT/images/20_CT_s1_z0001.npy,/Users/ayushchhetry/spartis assignment/dataset/train/CT/masks/20_CT_m1_z0001.npy,/Users/ayushchhetry/spartis assignment/JUH_MR-CT_dataset/CT/image_CT/20_CT_s1.dcm
20_CT_s1,CT,train,2,/Users/ayushchhetry/spartis assignment/dataset/train/CT/images/20_CT_s1_z0002.npy,/Users/ayushchhetry/spartis assignment/dataset/train/CT/masks/20_CT_m1_z0002.npy,/Users/ayushchhetry/spartis assignment/JUH_MR-CT_dataset/CT/image_CT/20_CT_s1.dcm
20_CT_s4,CT,train,0,/Users/ayushchhetry/spartis assignment/dataset/train/CT/images/20_CT_s4_z0000.npy,/Users/ayushchhetry/spartis assignment/dataset/train/CT/masks/20_CT_m4_z0000.npy,/Users/ayushchhetry/spartis assignment/JUH_MR-CT_dataset/CT/image_CT/20_CT_s4.dcm
20_CT_s4,CT,train,1,/Users/ayushchhetry/spartis assignment/dataset/train/CT/images/20_CT_s4_z0001.npy,/Users/ayushchhetry/spartis assignment/dataset/train/CT/masks/20_CT_m4_z0001.npy,/Users/ayushchhetry/spartis assignment/JUH_MR-CT_dataset/CT/image_CT/20_CT_s4.dcm
20_CT_s4,CT,train,2,/Users/ayushchhetry/spartis assignment/dataset/train/CT/images/20_CT_s4_z0002.npy,/Users/ayushchhetry/spartis assignment/dataset/train/CT/masks/20_CT_m4_z0002.npy,/Users/ayushchhetry/spartis assignment/JUH_MR-CT_dataset/CT/image_CT/20_CT_s4.dcm
20_CT_s5,CT,train,0,/Users/ayushchhetry/spartis assignment/dataset/train/CT/images/20_CT_s5_z0000.npy,/Users/ayushchhetry/spartis assignment/dataset/train/CT/masks/20_CT_m5_z0000.npy,/Users/ayushchhetry/spartis assignment/JUH_MR-CT_dataset/CT/image_CT/20_CT_s5.dcm
20_CT_s5,CT,train,1,/Users/ayushchhetry/spartis assignment/dataset/train/CT/images/20_CT_s5_z0001.npy,/Users/ayushchhetry/spartis assignment/dataset/train/CT/masks/20_CT_m5_z0001.npy,/Users/ayushchhetry/spartis assignment/JUH_MR-CT_dataset/CT/image_CT/20_CT_s5.dcm
20_CT_s5,CT,train,2,/Users/ayushchhetry/spartis assignment/dataset/train/CT/images/20_CT_s5_z0002.npy,/Users/ayushchhetry/spartis assignment/dataset/train/CT/masks/20_CT_m5_z0002.npy,/Users/ayushchhetry/spartis assignment/JUH_MR-CT_dataset/CT/image_CT/20_CT_s5.dcm
2_CT_s1,CT,train,0,/Users/ayushchhetry/spartis assignment/dataset/train/CT/images/2_CT_s1_z0000.npy,/Users/ayushchhetry/spartis assignment/dataset/train/CT/masks/2_CT_m1_z0000.npy,/Users/ayushchhetry/spartis assignment/JUH_MR-CT_dataset/CT/image_CT/2_CT_s1.dcm
2_CT_s1,CT,train,1,/Users/ayushchhetry/spartis assignment/dataset/train/CT/images/2_CT_s1_z0001.npy,/Users/ayushchhetry/spartis assignment/dataset/train/CT/masks/2_CT_m1_z0001.npy,/Users/ayushchhetry/spartis assignment/JUH_MR-CT_dataset/CT/image_CT/2_CT_s1.dcm
2_CT_s1,CT,train,2,/Users/ayushchhetry/spartis assignment/dataset/train/CT/images/2_CT_s1_z0002.npy,/Users/ayushchhetry/spartis assignment/dataset/train/CT/masks/2_CT_m1_z0002.npy,/Users/ayushchhetry/spartis assignment/JUH_MR-CT_dataset/CT/image_CT/2_CT_s1.dcm
2_CT_s3,CT,train,0,/Users/ayushchhetry/spartis assignment/dataset/train/CT/images/2_CT_s3_z0000.npy,/Users/ayushchhetry/spartis assignment/dataset/train/CT/masks/2_CT_m3_z0000.npy,/Users/ayushchhetry/spartis assignment/JUH_MR-CT_dataset/CT/image_CT/2_CT_s3.dcm
2_CT_s3,CT,train,1,/Users/ayushchhetry/spartis assignment/dataset/train/CT/images/2_CT_s3_z0001.npy,/Users/ayushchhetry/spartis assignment/dataset/train/CT/masks/2_CT_m3_z0001.npy,/Users/ayushchhetry/spartis assignment/JUH_MR-CT_dataset/CT/image_CT/2_CT_s3.dcm
2_CT_s3,CT,train,2,/Users/ayushchhetry/spartis assignment/dataset/train/CT/images/2_CT_s3_z0002.npy,/Users/ayushchhetry/spartis assignment/dataset/train/CT/masks/2_CT_m3_z0002.npy,/Users/ayushchhetry/spartis assignment/JUH_MR-CT_dataset/CT/image_CT/2_CT_s3.dcm
2_CT_s4,CT,train,0,/Users/ayushchhetry/spartis assignment/dataset/train/CT/images/2_CT_s4_z0000.npy,/Users/ayushchhetry/spartis assignment/dataset/train/CT/masks/2_CT_m4_z0000.npy,/Users/ayushchhetry/spartis assignment/JUH_MR-CT_dataset/CT/image_CT/2_CT_s4.dcm
2_CT_s4,CT,train,1,/Users/ayushchhetry/spartis assignment/dataset/train/CT/images/2_CT_s4_z0001.npy,/Users/ayushchhetry/spartis assignment/dataset/train/CT/masks/2_CT_m4_z0001.npy,/Users/ayushchhetry/spartis assignment/JUH_MR-CT_dataset/CT/image_CT/2_CT_s4.dcm
2_CT_s4,CT,train,2,/Users/ayushchhetry/spartis assignment/dataset/train/CT/images/2_CT_s4_z0002.npy,/Users/ayushchhetry/spartis assignment/dataset/train/CT/masks/2_CT_m4_z0002.npy,/Users/ayushchhetry/spartis assignment/JUH_MR-CT_dataset/CT/image_CT/2_CT_s4.dcm
3_CT_s1,CT,train,0,/Users/ayushchhetry/spartis assignment/dataset/train/CT/images/3_CT_s1_z0000.npy,/Users/ayushchhetry/spartis assignment/dataset/train/CT/masks/3_CT_m1_z0000.npy,/Users/ayushchhetry/spartis assignment/JUH_MR-CT_dataset/CT/image_CT/3_CT_s1.dcm
3_CT_s1,CT,train,1,/Users/ayushchhetry/spartis assignment/dataset/train/CT/images/3_CT_s1_z0001.npy,/Users/ayushchhetry/spartis assignment/dataset/train/CT/masks/3_CT_m1_z0001.npy,/Users/ayushchhetry/spartis assignment/JUH_MR-CT_dataset/CT/image_CT/3_CT_s1.dcm
3_CT_s1,CT,train,2,/Users/ayushchhetry/spartis assignment/dataset/train/CT/images/3_CT_s1_z0002.npy,/Users/ayushchhetry/spartis assignment/dataset/train/CT/masks/3_CT_m1_z0002.npy,/Users/ayushchhetry/spartis assignment/JUH_MR-CT_dataset/CT/image_CT/3_CT_s1.dcm
3_CT_s2,CT,train,0,/Users/ayushchhetry/spartis assignment/dataset/train/CT/images/3_CT_s2_z0000.npy,/Users/ayushchhetry/spartis assignment/dataset/train/CT/masks/3_CT_m2_z0000.npy,/Users/ayushchhetry/spartis assignment/JUH_MR-CT_dataset/CT/image_CT/3_CT_s2.dcm
3_CT_s2,CT,train,1,/Users/ayushchhetry/spartis assignment/dataset/train/CT/images/3_CT_s2_z0001.npy,/Users/ayushchhetry/spartis assignment/dataset/train/CT/masks/3_CT_m2_z0001.npy,/Users/ayushchhetry/spartis assignment/JUH_MR-CT_dataset/CT/image_CT/3_CT_s2.dcm
3_CT_s2,CT,train,2,/Users/ayushchhetry/spartis assignment/dataset/train/CT/images/3_CT_s2_z0002.npy,/Users/ayushchhetry/spartis assignment/dataset/train/CT/masks/3_CT_m2_z0002.npy,/Users/ayushchhetry/spartis assignment/JUH_MR-CT_dataset/CT/image_CT/3_CT_s2.dcm
3_CT_s3,CT,train,0,/Users/ayushchhetry/spartis assignment/dataset/train/CT/images/3_CT_s3_z0000.npy,/Users/ayushchhetry/spartis assignment/dataset/train/CT/masks/3_CT_m3_z0000.npy,/Users/ayushchhetry/spartis assignment/JUH_MR-CT_dataset/CT/image_CT/3_CT_s3.dcm
3_CT_s3,CT,train,1,/Users/ayushchhetry/spartis assignment/dataset/train/CT/images/3_CT_s3_z0001.npy,/Users/ayushchhetry/spartis assignment/dataset/train/CT/masks/3_CT_m3_z0001.npy,/Users/ayushchhetry/spartis assignment/JUH_MR-CT_dataset/CT/image_CT/3_CT_s3.dcm
3_CT_s3,CT,train,2,/Users/ayushchhetry/spartis assignment/dataset/train/CT/images/3_CT_s3_z0002.npy,/Users/ayushchhetry/spartis assignment/dataset/train/CT/masks/3_CT_m3_z0002.npy,/Users/ayushchhetry/spartis assignment/JUH_MR-CT_dataset/CT/image_CT/3_CT_s3.dcm
4_CT_s3,CT,train,0,/Users/ayushchhetry/spartis assignment/dataset/train/CT/images/4_CT_s3_z0000.npy,/Users/ayushchhetry/spartis assignment/dataset/train/CT/masks/4_CT_m3_z0000.npy,/Users/ayushchhetry/spartis assignment/JUH_MR-CT_dataset/CT/image_CT/4_CT_s3.dcm
4_CT_s3,CT,train,1,/Users/ayushchhetry/spartis assignment/dataset/train/CT/images/4_CT_s3_z0001.npy,/Users/ayushchhetry/spartis assignment/dataset/train/CT/masks/4_CT_m3_z0001.npy,/Users/ayushchhetry/spartis assignment/JUH_MR-CT_dataset/CT/image_CT/4_CT_s3.dcm
4_CT_s3,CT,train,2,/Users/ayushchhetry/spartis assignment/dataset/train/CT/images/4_CT_s3_z0002.npy,/Users/ayushchhetry/spartis assignment/dataset/train/CT/masks/4_CT_m3_z0002.npy,/Users/ayushchhetry/spartis assignment/JUH_MR-CT_dataset/CT/image_CT/4_CT_s3.dcm
5_CT_s1,CT,train,0,/Users/ayushchhetry/spartis assignment/dataset/train/CT/images/5_CT_s1_z0000.npy,/Users/ayushchhetry/spartis assignment/dataset/train/CT/masks/5_CT_m1_z0000.npy,/Users/ayushchhetry/spartis assignment/JUH_MR-CT_dataset/CT/image_CT/5_CT_s1.dcm
5_CT_s1,CT,train,1,/Users/ayushchhetry/spartis assignment/dataset/train/CT/images/5_CT_s1_z0001.npy,/Users/ayushchhetry/spartis assignment/dataset/train/CT/masks/5_CT_m1_z0001.npy,/Users/ayushchhetry/spartis assignment/JUH_MR-CT_dataset/CT/image_CT/5_CT_s1.dcm
5_CT_s1,CT,train,2,/Users/ayushchhetry/spartis assignment/dataset/train/CT/images/5_CT_s1_z0002.npy,/Users/ayushchhetry/spartis assignment/dataset/train/CT/masks/5_CT_m1_z0002.npy,/Users/ayushchhetry/spartis assignment/JUH_MR-CT_dataset/CT/image_CT/5_CT_s1.dcm
5_CT_s2,CT,train,0,/Users/ayushchhetry/spartis assignment/dataset/train/CT/images/5_CT_s2_z0000.npy,/Users/ayushchhetry/spartis assignment/dataset/train/CT/masks/5_CT_m2_z0000.npy,/Users/ayushchhetry/spartis assignment/JUH_MR-CT_dataset/CT/image_CT/5_CT_s2.dcm
5_CT_s2,CT,train,1,/Users/ayushchhetry/spartis assignment/dataset/train/CT/images/5_CT_s2_z0001.npy,/Users/ayushchhetry/spartis assignment/dataset/train/CT/masks/5_CT_m2_z0001.npy,/Users/ayushchhetry/spartis assignment/JUH_MR-CT_dataset/CT/image_CT/5_CT_s2.dcm
5_CT_s2,CT,train,2,/Users/ayushchhetry/spartis assignment/dataset/train/CT/images/5_CT_s2_z0002.npy,/Users/ayushchhetry/spartis assignment/dataset/train/CT/masks/5_CT_m2_z0002.npy,/Users/ayushchhetry/spartis assignment/JUH_MR-CT_dataset/CT/image_CT/5_CT_s2.dcm
5_CT_s4,CT,train,0,/Users/ayushchhetry/spartis assignment/dataset/train/CT/images/5_CT_s4_z0000.npy,/Users/ayushchhetry/spartis assignment/dataset/train/CT/masks/5_CT_m4_z0000.npy,/Users/ayushchhetry/spartis assignment/JUH_MR-CT_dataset/CT/image_CT/5_CT_s4.dcm
5_CT_s4,CT,train,1,/Users/ayushchhetry/spartis assignment/dataset/train/CT/images/5_CT_s4_z0001.npy,/Users/ayushchhetry/spartis assignment/dataset/train/CT/masks/5_CT_m4_z0001.npy,/Users/ayushchhetry/spartis assignment/JUH_MR-CT_dataset/CT/image_CT/5_CT_s4.dcm
5_CT_s4,CT,train,2,/Users/ayushchhetry/spartis assignment/dataset/train/CT/images/5_CT_s4_z0002.npy,/Users/ayushchhetry/spartis assignment/dataset/train/CT/masks/5_CT_m4_z0002.npy,/Users/ayushchhetry/spartis assignment/JUH_MR-CT_dataset/CT/image_CT/5_CT_s4.dcm
5_CT_s5,CT,train,0,/Users/ayushchhetry/spartis assignment/dataset/train/CT/images/5_CT_s5_z0000.npy,/Users/ayushchhetry/spartis assignment/dataset/train/CT/masks/5_CT_m5_z0000.npy,/Users/ayushchhetry/spartis assignment/JUH_MR-CT_dataset/CT/image_CT/5_CT_s5.dcm
5_CT_s5,CT,train,1,/Users/ayushchhetry/spartis assignment/dataset/train/CT/images/5_CT_s5_z0001.npy,/Users/ayushchhetry/spartis assignment/dataset/train/CT/masks/5_CT_m5_z0001.npy,/Users/ayushchhetry/spartis assignment/JUH_MR-CT_dataset/CT/image_CT/5_CT_s5.dcm
5_CT_s5,CT,train,2,/Users/ayushchhetry/spartis assignment/dataset/train/CT/images/5_CT_s5_z0002.npy,/Users/ayushchhetry/spartis assignment/dataset/train/CT/masks/5_CT_m5_z0002.npy,/Users/ayushchhetry/spartis assignment/JUH_MR-CT_dataset/CT/image_CT/5_CT_s5.dcm
6_CT_s2,CT,train,0,/Users/ayushchhetry/spartis assignment/dataset/train/CT/images/6_CT_s2_z0000.npy,/Users/ayushchhetry/spartis assignment/dataset/train/CT/masks/6_CT_m2_z0000.npy,/Users/ayushchhetry/spartis assignment/JUH_MR-CT_dataset/CT/image_CT/6_CT_s2.dcm
6_CT_s2,CT,train,1,/Users/ayushchhetry/spartis assignment/dataset/train/CT/images/6_CT_s2_z0001.npy,/Users/ayushchhetry/spartis assignment/dataset/train/CT/masks/6_CT_m2_z0001.npy,/Users/ayushchhetry/spartis assignment/JUH_MR-CT_dataset/CT/image_CT/6_CT_s2.dcm
6_CT_s2,CT,train,2,/Users/ayushchhetry/spartis assignment/dataset/train/CT/images/6_CT_s2_z0002.npy,/Users/ayushchhetry/spartis assignment/dataset/train/CT/masks/6_CT_m2_z0002.npy,/Users/ayushchhetry/spartis assignment/JUH_MR-CT_dataset/CT/image_CT/6_CT_s2.dcm
6_CT_s3,CT,train,0,/Users/ayushchhetry/spartis assignment/dataset/train/CT/images/6_CT_s3_z0000.npy,/Users/ayushchhetry/spartis assignment/dataset/train/CT/masks/6_CT_m3_z0000.npy,/Users/ayushchhetry/spartis assignment/JUH_MR-CT_dataset/CT/image_CT/6_CT_s3.dcm
6_CT_s3,CT,train,1,/Users/ayushchhetry/spartis assignment/dataset/train/CT/images/6_CT_s3_z0001.npy,/Users/ayushchhetry/spartis assignment/dataset/train/CT/masks/6_CT_m3_z0001.npy,/Users/ayushchhetry/spartis assignment/JUH_MR-CT_dataset/CT/image_CT/6_CT_s3.dcm
6_CT_s3,CT,train,2,/Users/ayushchhetry/spartis assignment/dataset/train/CT/images/6_CT_s3_z0002.npy,/Users/ayushchhetry/spartis assignment/dataset/train/CT/masks/6_CT_m3_z0002.npy,/Users/ayushchhetry/spartis assignment/JUH_MR-CT_dataset/CT/image_CT/6_CT_s3.dcm
7_CT_s4,CT,train,0,/Users/ayushchhetry/spartis assignment/dataset/train/CT/images/7_CT_s4_z0000.npy,/Users/ayushchhetry/spartis assignment/dataset/train/CT/masks/7_CT_m4_z0000.npy,/Users/ayushchhetry/spartis assignment/JUH_MR-CT_dataset/CT/image_CT/7_CT_s4.dcm
7_CT_s4,CT,train,1,/Users/ayushchhetry/spartis assignment/dataset/train/CT/images/7_CT_s4_z0001.npy,/Users/ayushchhetry/spartis assignment/dataset/train/CT/masks/7_CT_m4_z0001.npy,/Users/ayushchhetry/spartis assignment/JUH_MR-CT_dataset/CT/image_CT/7_CT_s4.dcm
7_CT_s4,CT,train,2,/Users/ayushchhetry/spartis assignment/dataset/train/CT/images/7_CT_s4_z0002.npy,/Users/ayushchhetry/spartis assignment/dataset/train/CT/masks/7_CT_m4_z0002.npy,/Users/ayushchhetry/spartis assignment/JUH_MR-CT_dataset/CT/image_CT/7_CT_s4.dcm
8_CT_s1,CT,train,0,/Users/ayushchhetry/spartis assignment/dataset/train/CT/images/8_CT_s1_z0000.npy,/Users/ayushchhetry/spartis assignment/dataset/train/CT/masks/8_CT_m1_z0000.npy,/Users/ayushchhetry/spartis assignment/JUH_MR-CT_dataset/CT/image_CT/8_CT_s1.dcm
8_CT_s1,CT,train,1,/Users/ayushchhetry/spartis assignment/dataset/train/CT/images/8_CT_s1_z0001.npy,/Users/ayushchhetry/spartis assignment/dataset/train/CT/masks/8_CT_m1_z0001.npy,/Users/ayushchhetry/spartis assignment/JUH_MR-CT_dataset/CT/image_CT/8_CT_s1.dcm
8_CT_s1,CT,train,2,/Users/ayushchhetry/spartis assignment/dataset/train/CT/images/8_CT_s1_z0002.npy,/Users/ayushchhetry/spartis assignment/dataset/train/CT/masks/8_CT_m1_z0002.npy,/Users/ayushchhetry/spartis assignment/JUH_MR-CT_dataset/CT/image_CT/8_CT_s1.dcm
8_CT_s2,CT,train,0,/Users/ayushchhetry/spartis assignment/dataset/train/CT/images/8_CT_s2_z0000.npy,/Users/ayushchhetry/spartis assignment/dataset/train/CT/masks/8_CT_m2_z0000.npy,/Users/ayushchhetry/spartis assignment/JUH_MR-CT_dataset/CT/image_CT/8_CT_s2.dcm
8_CT_s2,CT,train,1,/Users/ayushchhetry/spartis assignment/dataset/train/CT/images/8_CT_s2_z0001.npy,/Users/ayushchhetry/spartis assignment/dataset/train/CT/masks/8_CT_m2_z0001.npy,/Users/ayushchhetry/spartis assignment/JUH_MR-CT_dataset/CT/image_CT/8_CT_s2.dcm
8_CT_s2,CT,train,2,/Users/ayushchhetry/spartis assignment/dataset/train/CT/images/8_CT_s2_z0002.npy,/Users/ayushchhetry/spartis assignment/dataset/train/CT/masks/8_CT_m2_z0002.npy,/Users/ayushchhetry/spartis assignment/JUH_MR-CT_dataset/CT/image_CT/8_CT_s2.dcm
8_CT_s3,CT,train,0,/Users/ayushchhetry/spartis assignment/dataset/train/CT/images/8_CT_s3_z0000.npy,/Users/ayushchhetry/spartis assignment/dataset/train/CT/masks/8_CT_m3_z0000.npy,/Users/ayushchhetry/spartis assignment/JUH_MR-CT_dataset/CT/image_CT/8_CT_s3.dcm
8_CT_s3,CT,train,1,/Users/ayushchhetry/spartis assignment/dataset/train/CT/images/8_CT_s3_z0001.npy,/Users/ayushchhetry/spartis assignment/dataset/train/CT/masks/8_CT_m3_z0001.npy,/Users/ayushchhetry/spartis assignment/JUH_MR-CT_dataset/CT/image_CT/8_CT_s3.dcm
8_CT_s3,CT,train,2,/Users/ayushchhetry/spartis assignment/dataset/train/CT/images/8_CT_s3_z0002.npy,/Users/ayushchhetry/spartis assignment/dataset/train/CT/masks/8_CT_m3_z0002.npy,/Users/ayushchhetry/spartis assignment/JUH_MR-CT_dataset/CT/image_CT/8_CT_s3.dcm
8_CT_s4,CT,train,0,/Users/ayushchhetry/spartis assignment/dataset/train/CT/images/8_CT_s4_z0000.npy,/Users/ayushchhetry/spartis assignment/dataset/train/CT/masks/8_CT_m4_z0000.npy,/Users/ayushchhetry/spartis assignment/JUH_MR-CT_dataset/CT/image_CT/8_CT_s4.dcm
8_CT_s4,CT,train,1,/Users/ayushchhetry/spartis assignment/dataset/train/CT/images/8_CT_s4_z0001.npy,/Users/ayushchhetry/spartis assignment/dataset/train/CT/masks/8_CT_m4_z0001.npy,/Users/ayushchhetry/spartis assignment/JUH_MR-CT_dataset/CT/image_CT/8_CT_s4.dcm
8_CT_s4,CT,train,2,/Users/ayushchhetry/spartis assignment/dataset/train/CT/images/8_CT_s4_z0002.npy,/Users/ayushchhetry/spartis assignment/dataset/train/CT/masks/8_CT_m4_z0002.npy,/Users/ayushchhetry/spartis assignment/JUH_MR-CT_dataset/CT/image_CT/8_CT_s4.dcm
8_CT_s5,CT,train,0,/Users/ayushchhetry/spartis assignment/dataset/train/CT/images/8_CT_s5_z0000.npy,/Users/ayushchhetry/spartis assignment/dataset/train/CT/masks/8_CT_m5_z0000.npy,/Users/ayushchhetry/spartis assignment/JUH_MR-CT_dataset/CT/image_CT/8_CT_s5.dcm
8_CT_s5,CT,train,1,/Users/ayushchhetry/spartis assignment/dataset/train/CT/images/8_CT_s5_z0001.npy,/Users/ayushchhetry/spartis assignment/dataset/train/CT/masks/8_CT_m5_z0001.npy,/Users/ayushchhetry/spartis assignment/JUH_MR-CT_dataset/CT/image_CT/8_CT_s5.dcm
8_CT_s5,CT,train,2,/Users/ayushchhetry/spartis assignment/dataset/train/CT/images/8_CT_s5_z0002.npy,/Users/ayushchhetry/spartis assignment/dataset/train/CT/masks/8_CT_m5_z0002.npy,/Users/ayushchhetry/spartis assignment/JUH_MR-CT_dataset/CT/image_CT/8_CT_s5.dcm
9_CT_s1,CT,train,0,/Users/ayushchhetry/spartis assignment/dataset/train/CT/images/9_CT_s1_z0000.npy,/Users/ayushchhetry/spartis assignment/dataset/train/CT/masks/9_CT_m1_z0000.npy,/Users/ayushchhetry/spartis assignment/JUH_MR-CT_dataset/CT/image_CT/9_CT_s1.dcm
9_CT_s1,CT,train,1,/Users/ayushchhetry/spartis assignment/dataset/train/CT/images/9_CT_s1_z0001.npy,/Users/ayushchhetry/spartis assignment/dataset/train/CT/masks/9_CT_m1_z0001.npy,/Users/ayushchhetry/spartis assignment/JUH_MR-CT_dataset/CT/image_CT/9_CT_s1.dcm
9_CT_s1,CT,train,2,/Users/ayushchhetry/spartis assignment/dataset/train/CT/images/9_CT_s1_z0002.npy,/Users/ayushchhetry/spartis assignment/dataset/train/CT/masks/9_CT_m1_z0002.npy,/Users/ayushchhetry/spartis assignment/JUH_MR-CT_dataset/CT/image_CT/9_CT_s1.dcm
9_CT_s2,CT,train,0,/Users/ayushchhetry/spartis assignment/dataset/train/CT/images/9_CT_s2_z0000.npy,/Users/ayushchhetry/spartis assignment/dataset/train/CT/masks/9_CT_m2_z0000.npy,/Users/ayushchhetry/spartis assignment/JUH_MR-CT_dataset/CT/image_CT/9_CT_s2.dcm
9_CT_s2,CT,train,1,/Users/ayushchhetry/spartis assignment/dataset/train/CT/images/9_CT_s2_z0001.npy,/Users/ayushchhetry/spartis assignment/dataset/train/CT/masks/9_CT_m2_z0001.npy,/Users/ayushchhetry/spartis assignment/JUH_MR-CT_dataset/CT/image_CT/9_CT_s2.dcm
9_CT_s2,CT,train,2,/Users/ayushchhetry/spartis assignment/dataset/train/CT/images/9_CT_s2_z0002.npy,/Users/ayushchhetry/spartis assignment/dataset/train/CT/masks/9_CT_m2_z0002.npy,/Users/ayushchhetry/spartis assignment/JUH_MR-CT_dataset/CT/image_CT/9_CT_s2.dcm
9_CT_s3,CT,train,0,/Users/ayushchhetry/spartis assignment/dataset/train/CT/images/9_CT_s3_z0000.npy,/Users/ayushchhetry/spartis assignment/dataset/train/CT/masks/9_CT_m3_z0000.npy,/Users/ayushchhetry/spartis assignment/JUH_MR-CT_dataset/CT/image_CT/9_CT_s3.dcm
9_CT_s3,CT,train,1,/Users/ayushchhetry/spartis assignment/dataset/train/CT/images/9_CT_s3_z0001.npy,/Users/ayushchhetry/spartis assignment/dataset/train/CT/masks/9_CT_m3_z0001.npy,/Users/ayushchhetry/spartis assignment/JUH_MR-CT_dataset/CT/image_CT/9_CT_s3.dcm
9_CT_s3,CT,train,2,/Users/ayushchhetry/spartis assignment/dataset/train/CT/images/9_CT_s3_z0002.npy,/Users/ayushchhetry/spartis assignment/dataset/train/CT/masks/9_CT_m3_z0002.npy,/Users/ayushchhetry/spartis assignment/JUH_MR-CT_dataset/CT/image_CT/9_CT_s3.dcm
10_MR_s1,MRI,train,0,/Users/ayushchhetry/spartis assignment/dataset/train/MRI/images/10_MR_s1_z0000.npy,/Users/ayushchhetry/spartis assignment/dataset/train/MRI/masks/10_MR_m1_z0000.npy,/Users/ayushchhetry/spartis assignment/JUH_MR-CT_dataset/MR/image_MR/10_MR_s1.dcm
10_MR_s1,MRI,train,1,/Users/ayushchhetry/spartis assignment/dataset/train/MRI/images/10_MR_s1_z0001.npy,/Users/ayushchhetry/spartis assignment/dataset/train/MRI/masks/10_MR_m1_z0001.npy,/Users/ayushchhetry/spartis assignment/JUH_MR-CT_dataset/MR/image_MR/10_MR_s1.dcm
10_MR_s1,MRI,train,2,/Users/ayushchhetry/spartis assignment/dataset/train/MRI/images/10_MR_s1_z0002.npy,/Users/ayushchhetry/spartis assignment/dataset/train/MRI/masks/10_MR_m1_z0002.npy,/Users/ayushchhetry/spartis assignment/JUH_MR-CT_dataset/MR/image_MR/10_MR_s1.dcm
10_MR_s2,MRI,train,0,/Users/ayushchhetry/spartis assignment/dataset/train/MRI/images/10_MR_s2_z0000.npy,/Users/ayushchhetry/spartis assignment/dataset/train/MRI/masks/10_MR_m2_z0000.npy,/Users/ayushchhetry/spartis assignment/JUH_MR-CT_dataset/MR/image_MR/10_MR_s2.dcm
10_MR_s2,MRI,train,1,/Users/ayushchhetry/spartis assignment/dataset/train/MRI/images/10_MR_s2_z0001.npy,/Users/ayushchhetry/spartis assignment/dataset/train/MRI/masks/10_MR_m2_z0001.npy,/Users/ayushchhetry/spartis assignment/JUH_MR-CT_dataset/MR/image_MR/10_MR_s2.dcm
10_MR_s2,MRI,train,2,/Users/ayushchhetry/spartis assignment/dataset/train/MRI/images/10_MR_s2_z0002.npy,/Users/ayushchhetry/spartis assignment/dataset/train/MRI/masks/10_MR_m2_z0002.npy,/Users/ayushchhetry/spartis assignment/JUH_MR-CT_dataset/MR/image_MR/10_MR_s2.dcm
10_MR_s3,MRI,train,0,/Users/ayushchhetry/spartis assignment/dataset/train/MRI/images/10_MR_s3_z0000.npy,/Users/ayushchhetry/spartis assignment/dataset/train/MRI/masks/10_MR_m3_z0000.npy,/Users/ayushchhetry/spartis assignment/JUH_MR-CT_dataset/MR/image_MR/10_MR_s3.dcm
10_MR_s3,MRI,train,1,/Users/ayushchhetry/spartis assignment/dataset/train/MRI/images/10_MR_s3_z0001.npy,/Users/ayushchhetry/spartis assignment/dataset/train/MRI/masks/10_MR_m3_z0001.npy,/Users/ayushchhetry/spartis assignment/JUH_MR-CT_dataset/MR/image_MR/10_MR_s3.dcm
10_MR_s3,MRI,train,2,/Users/ayushchhetry/spartis assignment/dataset/train/MRI/images/10_MR_s3_z0002.npy,/Users/ayushchhetry/spartis assignment/dataset/train/MRI/masks/10_MR_m3_z0002.npy,/Users/ayushchhetry/spartis assignment/JUH_MR-CT_dataset/MR/image_MR/10_MR_s3.dcm
10_MR_s4,MRI,train,0,/Users/ayushchhetry/spartis assignment/dataset/train/MRI/images/10_MR_s4_z0000.npy,/Users/ayushchhetry/spartis assignment/dataset/train/MRI/masks/10_MR_m4_z0000.npy,/Users/ayushchhetry/spartis assignment/JUH_MR-CT_dataset/MR/image_MR/10_MR_s4.dcm
10_MR_s4,MRI,train,1,/Users/ayushchhetry/spartis assignment/dataset/train/MRI/images/10_MR_s4_z0001.npy,/Users/ayushchhetry/spartis assignment/dataset/train/MRI/masks/10_MR_m4_z0001.npy,/Users/ayushchhetry/spartis assignment/JUH_MR-CT_dataset/MR/image_MR/10_MR_s4.dcm
10_MR_s4,MRI,train,2,/Users/ayushchhetry/spartis assignment/dataset/train/MRI/images/10_MR_s4_z0002.npy,/Users/ayushchhetry/spartis assignment/dataset/train/MRI/masks/10_MR_m4_z0002.npy,/Users/ayushchhetry/spartis assignment/JUH_MR-CT_dataset/MR/image_MR/10_MR_s4.dcm
10_MR_s5,MRI,train,0,/Users/ayushchhetry/spartis assignment/dataset/train/MRI/images/10_MR_s5_z0000.npy,/Users/ayushchhetry/spartis assignment/dataset/train/MRI/masks/10_MR_m5_z0000.npy,/Users/ayushchhetry/spartis assignment/JUH_MR-CT_dataset/MR/image_MR/10_MR_s5.dcm
10_MR_s5,MRI,train,1,/Users/ayushchhetry/spartis assignment/dataset/train/MRI/images/10_MR_s5_z0001.npy,/Users/ayushchhetry/spartis assignment/dataset/train/MRI/masks/10_MR_m5_z0001.npy,/Users/ayushchhetry/spartis assignment/JUH_MR-CT_dataset/MR/image_MR/10_MR_s5.dcm
10_MR_s5,MRI,train,2,/Users/ayushchhetry/spartis assignment/dataset/train/MRI/images/10_MR_s5_z0002.npy,/Users/ayushchhetry/spartis assignment/dataset/train/MRI/masks/10_MR_m5_z0002.npy,/Users/ayushchhetry/spartis assignment/JUH_MR-CT_dataset/MR/image_MR/10_MR_s5.dcm
11_MR_s1,MRI,train,0,/Users/ayushchhetry/spartis assignment/dataset/train/MRI/images/11_MR_s1_z0000.npy,/Users/ayushchhetry/spartis assignment/dataset/train/MRI/masks/11_MR_m1_z0000.npy,/Users/ayushchhetry/spartis assignment/JUH_MR-CT_dataset/MR/image_MR/11_MR_s1.dcm
11_MR_s1,MRI,train,1,/Users/ayushchhetry/spartis assignment/dataset/train/MRI/images/11_MR_s1_z0001.npy,/Users/ayushchhetry/spartis assignment/dataset/train/MRI/masks/11_MR_m1_z0001.npy,/Users/ayushchhetry/spartis assignment/JUH_MR-CT_dataset/MR/image_MR/11_MR_s1.dcm
11_MR_s1,MRI,train,2,/Users/ayushchhetry/spartis assignment/dataset/train/MRI/images/11_MR_s1_z0002.npy,/Users/ayushchhetry/spartis assignment/dataset/train/MRI/masks/11_MR_m1_z0002.npy,/Users/ayushchhetry/spartis assignment/JUH_MR-CT_dataset/MR/image_MR/11_MR_s1.dcm
11_MR_s3,MRI,train,0,/Users/ayushchhetry/spartis assignment/dataset/train/MRI/images/11_MR_s3_z0000.npy,/Users/ayushchhetry/spartis assignment/dataset/train/MRI/masks/11_MR_m3_z0000.npy,/Users/ayushchhetry/spartis assignment/JUH_MR-CT_dataset/MR/image_MR/11_MR_s3.dcm
11_MR_s3,MRI,train,1,/Users/ayushchhetry/spartis assignment/dataset/train/MRI/images/11_MR_s3_z0001.npy,/Users/ayushchhetry/spartis assignment/dataset/train/MRI/masks/11_MR_m3_z0001.npy,/Users/ayushchhetry/spartis assignment/JUH_MR-CT_dataset/MR/image_MR/11_MR_s3.dcm
11_MR_s3,MRI,train,2,/Users/ayushchhetry/spartis assignment/dataset/train/MRI/images/11_MR_s3_z0002.npy,/Users/ayushchhetry/spartis assignment/dataset/train/MRI/masks/11_MR_m3_z0002.npy,/Users/ayushchhetry/spartis assignment/JUH_MR-CT_dataset/MR/image_MR/11_MR_s3.dcm
11_MR_s5,MRI,train,0,/Users/ayushchhetry/spartis assignment/dataset/train/MRI/images/11_MR_s5_z0000.npy,/Users/ayushchhetry/spartis assignment/dataset/train/MRI/masks/11_MR_m5_z0000.npy,/Users/ayushchhetry/spartis assignment/JUH_MR-CT_dataset/MR/image_MR/11_MR_s5.dcm
11_MR_s5,MRI,train,1,/Users/ayushchhetry/spartis assignment/dataset/train/MRI/images/11_MR_s5_z0001.npy,/Users/ayushchhetry/spartis assignment/dataset/train/MRI/masks/11_MR_m5_z0001.npy,/Users/ayushchhetry/spartis assignment/JUH_MR-CT_dataset/MR/image_MR/11_MR_s5.dcm
11_MR_s5,MRI,train,2,/Users/ayushchhetry/spartis assignment/dataset/train/MRI/images/11_MR_s5_z0002.npy,/Users/ayushchhetry/spartis assignment/dataset/train/MRI/masks/11_MR_m5_z0002.npy,/Users/ayushchhetry/spartis assignment/JUH_MR-CT_dataset/MR/image_MR/11_MR_s5.dcm
12_MR_s1,MRI,train,0,/Users/ayushchhetry/spartis assignment/dataset/train/MRI/images/12_MR_s1_z0000.npy,/Users/ayushchhetry/spartis assignment/dataset/train/MRI/masks/12_MR_m1_z0000.npy,/Users/ayushchhetry/spartis assignment/JUH_MR-CT_dataset/MR/image_MR/12_MR_s1.dcm
12_MR_s1,MRI,train,1,/Users/ayushchhetry/spartis assignment/dataset/train/MRI/images/12_MR_s1_z0001.npy,/Users/ayushchhetry/spartis assignment/dataset/train/MRI/masks/12_MR_m1_z0001.npy,/Users/ayushchhetry/spartis assignment/JUH_MR-CT_dataset/MR/image_MR/12_MR_s1.dcm
12_MR_s1,MRI,train,2,/Users/ayushchhetry/spartis assignment/dataset/train/MRI/images/12_MR_s1_z0002.npy,/Users/ayushchhetry/spartis assignment/dataset/train/MRI/masks/12_MR_m1_z0002.npy,/Users/ayushchhetry/spartis assignment/JUH_MR-CT_dataset/MR/image_MR/12_MR_s1.dcm
14_MR_s1,MRI,train,0,/Users/ayushchhetry/spartis assignment/dataset/train/MRI/images/14_MR_s1_z0000.npy,/Users/ayushchhetry/spartis assignment/dataset/train/MRI/masks/14_MR_m1_z0000.npy,/Users/ayushchhetry/spartis assignment/JUH_MR-CT_dataset/MR/image_MR/14_MR_s1.dcm
14_MR_s1,MRI,train,1,/Users/ayushchhetry/spartis assignment/dataset/train/MRI/images/14_MR_s1_z0001.npy,/Users/ayushchhetry/spartis assignment/dataset/train/MRI/masks/14_MR_m1_z0001.npy,/Users/ayushchhetry/spartis assignment/JUH_MR-CT_dataset/MR/image_MR/14_MR_s1.dcm
14_MR_s1,MRI,train,2,/Users/ayushchhetry/spartis assignment/dataset/train/MRI/images/14_MR_s1_z0002.npy,/Users/ayushchhetry/spartis assignment/dataset/train/MRI/masks/14_MR_m1_z0002.npy,/Users/ayushchhetry/spartis assignment/JUH_MR-CT_dataset/MR/image_MR/14_MR_s1.dcm
14_MR_s2,MRI,train,0,/Users/ayushchhetry/spartis assignment/dataset/train/MRI/images/14_MR_s2_z0000.npy,/Users/ayushchhetry/spartis assignment/dataset/train/MRI/masks/14_MR_s2_z0000.npy,/Users/ayushchhetry/spartis assignment/JUH_MR-CT_dataset/MR/image_MR/14_MR_s2.dcm
14_MR_s2,MRI,train,1,/Users/ayushchhetry/spartis assignment/dataset/train/MRI/images/14_MR_s2_z0001.npy,/Users/ayushchhetry/spartis assignment/dataset/train/MRI/masks/14_MR_s2_z0001.npy,/Users/ayushchhetry/spartis assignment/JUH_MR-CT_dataset/MR/image_MR/14_MR_s2.dcm
14_MR_s2,MRI,train,2,/Users/ayushchhetry/spartis assignment/dataset/train/MRI/images/14_MR_s2_z0002.npy,/Users/ayushchhetry/spartis assignment/dataset/train/MRI/masks/14_MR_s2_z0002.npy,/Users/ayushchhetry/spartis assignment/JUH_MR-CT_dataset/MR/image_MR/14_MR_s2.dcm
14_MR_s3,MRI,train,0,/Users/ayushchhetry/spartis assignment/dataset/train/MRI/images/14_MR_s3_z0000.npy,/Users/ayushchhetry/spartis assignment/dataset/train/MRI/masks/14_MR_s3_z0000.npy,/Users/ayushchhetry/spartis assignment/JUH_MR-CT_dataset/MR/image_MR/14_MR_s3.dcm
14_MR_s3,MRI,train,1,/Users/ayushchhetry/spartis assignment/dataset/train/MRI/images/14_MR_s3_z0001.npy,/Users/ayushchhetry/spartis assignment/dataset/train/MRI/masks/14_MR_s3_z0001.npy,/Users/ayushchhetry/spartis assignment/JUH_MR-CT_dataset/MR/image_MR/14_MR_s3.dcm
14_MR_s3,MRI,train,2,/Users/ayushchhetry/spartis assignment/dataset/train/MRI/images/14_MR_s3_z0002.npy,/Users/ayushchhetry/spartis assignment/dataset/train/MRI/masks/14_MR_s3_z0002.npy,/Users/ayushchhetry/spartis assignment/JUH_MR-CT_dataset/MR/image_MR/14_MR_s3.dcm
14_MR_s4,MRI,train,0,/Users/ayushchhetry/spartis assignment/dataset/train/MRI/images/14_MR_s4_z0000.npy,/Users/ayushchhetry/spartis assignment/dataset/train/MRI/masks/14_MR_s4_z0000.npy,/Users/ayushchhetry/spartis assignment/JUH_MR-CT_dataset/MR/image_MR/14_MR_s4.dcm
14_MR_s4,MRI,train,1,/Users/ayushchhetry/spartis assignment/dataset/train/MRI/images/14_MR_s4_z0001.npy,/Users/ayushchhetry/spartis assignment/dataset/train/MRI/masks/14_MR_s4_z0001.npy,/Users/ayushchhetry/spartis assignment/JUH_MR-CT_dataset/MR/image_MR/14_MR_s4.dcm
14_MR_s4,MRI,train,2,/Users/ayushchhetry/spartis assignment/dataset/train/MRI/images/14_MR_s4_z0002.npy,/Users/ayushchhetry/spartis assignment/dataset/train/MRI/masks/14_MR_s4_z0002.npy,/Users/ayushchhetry/spartis assignment/JUH_MR-CT_dataset/MR/image_MR/14_MR_s4.dcm
15_MR_s2,MRI,train,0,/Users/ayushchhetry/spartis assignment/dataset/train/MRI/images/15_MR_s2_z0000.npy,/Users/ayushchhetry/spartis assignment/dataset/train/MRI/masks/15_MR_m2_z0000.npy,/Users/ayushchhetry/spartis assignment/JUH_MR-CT_dataset/MR/image_MR/15_MR_s2.dcm
15_MR_s2,MRI,train,1,/Users/ayushchhetry/spartis assignment/dataset/train/MRI/images/15_MR_s2_z0001.npy,/Users/ayushchhetry/spartis assignment/dataset/train/MRI/masks/15_MR_m2_z0001.npy,/Users/ayushchhetry/spartis assignment/JUH_MR-CT_dataset/MR/image_MR/15_MR_s2.dcm
15_MR_s2,MRI,train,2,/Users/ayushchhetry/spartis assignment/dataset/train/MRI/images/15_MR_s2_z0002.npy,/Users/ayushchhetry/spartis assignment/dataset/train/MRI/masks/15_MR_m2_z0002.npy,/Users/ayushchhetry/spartis assignment/JUH_MR-CT_dataset/MR/image_MR/15_MR_s2.dcm
15_MR_s3,MRI,train,0,/Users/ayushchhetry/spartis assignment/dataset/train/MRI/images/15_MR_s3_z0000.npy,/Users/ayushchhetry/spartis assignment/dataset/train/MRI/masks/15_MR_m3_z0000.npy,/Users/ayushchhetry/spartis assignment/JUH_MR-CT_dataset/MR/image_MR/15_MR_s3.dcm
15_MR_s3,MRI,train,1,/Users/ayushchhetry/spartis assignment/dataset/train/MRI/images/15_MR_s3_z0001.npy,/Users/ayushchhetry/spartis assignment/dataset/train/MRI/masks/15_MR_m3_z0001.npy,/Users/ayushchhetry/spartis assignment/JUH_MR-CT_dataset/MR/image_MR/15_MR_s3.dcm
15_MR_s3,MRI,train,2,/Users/ayushchhetry/spartis assignment/dataset/train/MRI/images/15_MR_s3_z0002.npy,/Users/ayushchhetry/spartis assignment/dataset/train/MRI/masks/15_MR_m3_z0002.npy,/Users/ayushchhetry/spartis assignment/JUH_MR-CT_dataset/MR/image_MR/15_MR_s3.dcm
15_MR_s5,MRI,train,0,/Users/ayushchhetry/spartis assignment/dataset/train/MRI/images/15_MR_s5_z0000.npy,/Users/ayushchhetry/spartis assignment/dataset/train/MRI/masks/15_MR_m5_z0000.npy,/Users/ayushchhetry/spartis assignment/JUH_MR-CT_dataset/MR/image_MR/15_MR_s5.dcm
15_MR_s5,MRI,train,1,/Users/ayushchhetry/spartis assignment/dataset/train/MRI/images/15_MR_s5_z0001.npy,/Users/ayushchhetry/spartis assignment/dataset/train/MRI/masks/15_MR_m5_z0001.npy,/Users/ayushchhetry/spartis assignment/JUH_MR-CT_dataset/MR/image_MR/15_MR_s5.dcm
15_MR_s5,MRI,train,2,/Users/ayushchhetry/spartis assignment/dataset/train/MRI/images/15_MR_s5_z0002.npy,/Users/ayushchhetry/spartis assignment/dataset/train/MRI/masks/15_MR_m5_z0002.npy,/Users/ayushchhetry/spartis assignment/JUH_MR-CT_dataset/MR/image_MR/15_MR_s5.dcm
16_MR_s1,MRI,train,0,/Users/ayushchhetry/spartis assignment/dataset/train/MRI/images/16_MR_s1_z0000.npy,/Users/ayushchhetry/spartis assignment/dataset/train/MRI/masks/16_MR_m1_z0000.npy,/Users/ayushchhetry/spartis assignment/JUH_MR-CT_dataset/MR/image_MR/16_MR_s1.dcm
16_MR_s1,MRI,train,1,/Users/ayushchhetry/spartis assignment/dataset/train/MRI/images/16_MR_s1_z0001.npy,/Users/ayushchhetry/spartis assignment/dataset/train/MRI/masks/16_MR_m1_z0001.npy,/Users/ayushchhetry/spartis assignment/JUH_MR-CT_dataset/MR/image_MR/16_MR_s1.dcm
16_MR_s1,MRI,train,2,/Users/ayushchhetry/spartis assignment/dataset/train/MRI/images/16_MR_s1_z0002.npy,/Users/ayushchhetry/spartis assignment/dataset/train/MRI/masks/16_MR_m1_z0002.npy,/Users/ayushchhetry/spartis assignment/JUH_MR-CT_dataset/MR/image_MR/16_MR_s1.dcm
16_MR_s2,MRI,train,0,/Users/ayushchhetry/spartis assignment/dataset/train/MRI/images/16_MR_s2_z0000.npy,/Users/ayushchhetry/spartis assignment/dataset/train/MRI/masks/16_MR_m2_z0000.npy,/Users/ayushchhetry/spartis assignment/JUH_MR-CT_dataset/MR/image_MR/16_MR_s2.dcm
16_MR_s2,MRI,train,1,/Users/ayushchhetry/spartis assignment/dataset/train/MRI/images/16_MR_s2_z0001.npy,/Users/ayushchhetry/spartis assignment/dataset/train/MRI/masks/16_MR_m2_z0001.npy,/Users/ayushchhetry/spartis assignment/JUH_MR-CT_dataset/MR/image_MR/16_MR_s2.dcm
16_MR_s2,MRI,train,2,/Users/ayushchhetry/spartis assignment/dataset/train/MRI/images/16_MR_s2_z0002.npy,/Users/ayushchhetry/spartis assignment/dataset/train/MRI/masks/16_MR_m2_z0002.npy,/Users/ayushchhetry/spartis assignment/JUH_MR-CT_dataset/MR/image_MR/16_MR_s2.dcm
16_MR_s3,MRI,train,0,/Users/ayushchhetry/spartis assignment/dataset/train/MRI/images/16_MR_s3_z0000.npy,/Users/ayushchhetry/spartis assignment/dataset/train/MRI/masks/16_MR_m3_z0000.npy,/Users/ayushchhetry/spartis assignment/JUH_MR-CT_dataset/MR/image_MR/16_MR_s3.dcm
16_MR_s3,MRI,train,1,/Users/ayushchhetry/spartis assignment/dataset/train/MRI/images/16_MR_s3_z0001.npy,/Users/ayushchhetry/spartis assignment/dataset/train/MRI/masks/16_MR_m3_z0001.npy,/Users/ayushchhetry/spartis assignment/JUH_MR-CT_dataset/MR/image_MR/16_MR_s3.dcm
16_MR_s3,MRI,train,2,/Users/ayushchhetry/spartis assignment/dataset/train/MRI/images/16_MR_s3_z0002.npy,/Users/ayushchhetry/spartis assignment/dataset/train/MRI/masks/16_MR_m3_z0002.npy,/Users/ayushchhetry/spartis assignment/JUH_MR-CT_dataset/MR/image_MR/16_MR_s3.dcm
16_MR_s4,MRI,train,0,/Users/ayushchhetry/spartis assignment/dataset/train/MRI/images/16_MR_s4_z0000.npy,/Users/ayushchhetry/spartis assignment/dataset/train/MRI/masks/16_MR_m4_z0000.npy,/Users/ayushchhetry/spartis assignment/JUH_MR-CT_dataset/MR/image_MR/16_MR_s4.dcm
16_MR_s4,MRI,train,1,/Users/ayushchhetry/spartis assignment/dataset/train/MRI/images/16_MR_s4_z0001.npy,/Users/ayushchhetry/spartis assignment/dataset/train/MRI/masks/16_MR_m4_z0001.npy,/Users/ayushchhetry/spartis assignment/JUH_MR-CT_dataset/MR/image_MR/16_MR_s4.dcm
16_MR_s4,MRI,train,2,/Users/ayushchhetry/spartis assignment/dataset/train/MRI/images/16_MR_s4_z0002.npy,/Users/ayushchhetry/spartis assignment/dataset/train/MRI/masks/16_MR_m4_z0002.npy,/Users/ayushchhetry/spartis assignment/JUH_MR-CT_dataset/MR/image_MR/16_MR_s4.dcm
16_MR_s5,MRI,train,0,/Users/ayushchhetry/spartis assignment/dataset/train/MRI/images/16_MR_s5_z0000.npy,/Users/ayushchhetry/spartis assignment/dataset/train/MRI/masks/16_MR_m5_z0000.npy,/Users/ayushchhetry/spartis assignment/JUH_MR-CT_dataset/MR/image_MR/16_MR_s5.dcm
16_MR_s5,MRI,train,1,/Users/ayushchhetry/spartis assignment/dataset/train/MRI/images/16_MR_s5_z0001.npy,/Users/ayushchhetry/spartis assignment/dataset/train/MRI/masks/16_MR_m5_z0001.npy,/Users/ayushchhetry/spartis assignment/JUH_MR-CT_dataset/MR/image_MR/16_MR_s5.dcm
16_MR_s5,MRI,train,2,/Users/ayushchhetry/spartis assignment/dataset/train/MRI/images/16_MR_s5_z0002.npy,/Users/ayushchhetry/spartis assignment/dataset/train/MRI/masks/16_MR_m5_z0002.npy,/Users/ayushchhetry/spartis assignment/JUH_MR-CT_dataset/MR/image_MR/16_MR_s5.dcm
17_MR_s1,MRI,train,0,/Users/ayushchhetry/spartis assignment/dataset/train/MRI/images/17_MR_s1_z0000.npy,/Users/ayushchhetry/spartis assignment/dataset/train/MRI/masks/17_MR_m1_z0000.npy,/Users/ayushchhetry/spartis assignment/JUH_MR-CT_dataset/MR/image_MR/17_MR_s1.dcm
17_MR_s1,MRI,train,1,/Users/ayushchhetry/spartis assignment/dataset/train/MRI/images/17_MR_s1_z0001.npy,/Users/ayushchhetry/spartis assignment/dataset/train/MRI/masks/17_MR_m1_z0001.npy,/Users/ayushchhetry/spartis assignment/JUH_MR-CT_dataset/MR/image_MR/17_MR_s1.dcm
17_MR_s1,MRI,train,2,/Users/ayushchhetry/spartis assignment/dataset/train/MRI/images/17_MR_s1_z0002.npy,/Users/ayushchhetry/spartis assignment/dataset/train/MRI/masks/17_MR_m1_z0002.npy,/Users/ayushchhetry/spartis assignment/JUH_MR-CT_dataset/MR/image_MR/17_MR_s1.dcm
17_MR_s3,MRI,train,0,/Users/ayushchhetry/spartis assignment/dataset/train/MRI/images/17_MR_s3_z0000.npy,/Users/ayushchhetry/spartis assignment/dataset/train/MRI/masks/17_MR_m3_z0000.npy,/Users/ayushchhetry/spartis assignment/JUH_MR-CT_dataset/MR/image_MR/17_MR_s3.dcm
17_MR_s3,MRI,train,1,/Users/ayushchhetry/spartis assignment/dataset/train/MRI/images/17_MR_s3_z0001.npy,/Users/ayushchhetry/spartis assignment/dataset/train/MRI/masks/17_MR_m3_z0001.npy,/Users/ayushchhetry/spartis assignment/JUH_MR-CT_dataset/MR/image_MR/17_MR_s3.dcm
17_MR_s3,MRI,train,2,/Users/ayushchhetry/spartis assignment/dataset/train/MRI/images/17_MR_s3_z0002.npy,/Users/ayushchhetry/spartis assignment/dataset/train/MRI/masks/17_MR_m3_z0002.npy,/Users/ayushchhetry/spartis assignment/JUH_MR-CT_dataset/MR/image_MR/17_MR_s3.dcm
17_MR_s4,MRI,train,0,/Users/ayushchhetry/spartis assignment/dataset/train/MRI/images/17_MR_s4_z0000.npy,/Users/ayushchhetry/spartis assignment/dataset/train/MRI/masks/17_MR_m4_z0000.npy,/Users/ayushchhetry/spartis assignment/JUH_MR-CT_dataset/MR/image_MR/17_MR_s4.dcm
17_MR_s4,MRI,train,1,/Users/ayushchhetry/spartis assignment/dataset/train/MRI/images/17_MR_s4_z0001.npy,/Users/ayushchhetry/spartis assignment/dataset/train/MRI/masks/17_MR_m4_z0001.npy,/Users/ayushchhetry/spartis assignment/JUH_MR-CT_dataset/MR/image_MR/17_MR_s4.dcm
17_MR_s4,MRI,train,2,/Users/ayushchhetry/spartis assignment/dataset/train/MRI/images/17_MR_s4_z0002.npy,/Users/ayushchhetry/spartis assignment/dataset/train/MRI/masks/17_MR_m4_z0002.npy,/Users/ayushchhetry/spartis assignment/JUH_MR-CT_dataset/MR/image_MR/17_MR_s4.dcm
17_MR_s5,MRI,train,0,/Users/ayushchhetry/spartis assignment/dataset/train/MRI/images/17_MR_s5_z0000.npy,/Users/ayushchhetry/spartis assignment/dataset/train/MRI/masks/17_MR_m5_z0000.npy,/Users/ayushchhetry/spartis assignment/JUH_MR-CT_dataset/MR/image_MR/17_MR_s5.dcm
17_MR_s5,MRI,train,1,/Users/ayushchhetry/spartis assignment/dataset/train/MRI/images/17_MR_s5_z0001.npy,/Users/ayushchhetry/spartis assignment/dataset/train/MRI/masks/17_MR_m5_z0001.npy,/Users/ayushchhetry/spartis assignment/JUH_MR-CT_dataset/MR/image_MR/17_MR_s5.dcm
17_MR_s5,MRI,train,2,/Users/ayushchhetry/spartis assignment/dataset/train/MRI/images/17_MR_s5_z0002.npy,/Users/ayushchhetry/spartis assignment/dataset/train/MRI/masks/17_MR_m5_z0002.npy,/Users/ayushchhetry/spartis assignment/JUH_MR-CT_dataset/MR/image_MR/17_MR_s5.dcm
18_MR_s3,MRI,train,0,/Users/ayushchhetry/spartis assignment/dataset/train/MRI/images/18_MR_s3_z0000.npy,/Users/ayushchhetry/spartis assignment/dataset/train/MRI/masks/18_MR_m3_z0000.npy,/Users/ayushchhetry/spartis assignment/JUH_MR-CT_dataset/MR/image_MR/18_MR_s3.dcm
18_MR_s3,MRI,train,1,/Users/ayushchhetry/spartis assignment/dataset/train/MRI/images/18_MR_s3_z0001.npy,/Users/ayushchhetry/spartis assignment/dataset/train/MRI/masks/18_MR_m3_z0001.npy,/Users/ayushchhetry/spartis assignment/JUH_MR-CT_dataset/MR/image_MR/18_MR_s3.dcm
18_MR_s3,MRI,train,2,/Users/ayushchhetry/spartis assignment/dataset/train/MRI/images/18_MR_s3_z0002.npy,/Users/ayushchhetry/spartis assignment/dataset/train/MRI/masks/18_MR_m3_z0002.npy,/Users/ayushchhetry/spartis assignment/JUH_MR-CT_dataset/MR/image_MR/18_MR_s3.dcm
18_MR_s4,MRI,train,0,/Users/ayushchhetry/spartis assignment/dataset/train/MRI/images/18_MR_s4_z0000.npy,/Users/ayushchhetry/spartis assignment/dataset/train/MRI/masks/18_MR_m4_z0000.npy,/Users/ayushchhetry/spartis assignment/JUH_MR-CT_dataset/MR/image_MR/18_MR_s4.dcm
18_MR_s4,MRI,train,1,/Users/ayushchhetry/spartis assignment/dataset/train/MRI/images/18_MR_s4_z0001.npy,/Users/ayushchhetry/spartis assignment/dataset/train/MRI/masks/18_MR_m4_z0001.npy,/Users/ayushchhetry/spartis assignment/JUH_MR-CT_dataset/MR/image_MR/18_MR_s4.dcm
18_MR_s4,MRI,train,2,/Users/ayushchhetry/spartis assignment/dataset/train/MRI/images/18_MR_s4_z0002.npy,/Users/ayushchhetry/spartis assignment/dataset/train/MRI/masks/18_MR_m4_z0002.npy,/Users/ayushchhetry/spartis assignment/JUH_MR-CT_dataset/MR/image_MR/18_MR_s4.dcm
18_MR_s5,MRI,train,0,/Users/ayushchhetry/spartis assignment/dataset/train/MRI/images/18_MR_s5_z0000.npy,/Users/ayushchhetry/spartis assignment/dataset/train/MRI/masks/18_MR_m5_z0000.npy,/Users/ayushchhetry/spartis assignment/JUH_MR-CT_dataset/MR/image_MR/18_MR_s5.dcm
18_MR_s5,MRI,train,1,/Users/ayushchhetry/spartis assignment/dataset/train/MRI/images/18_MR_s5_z0001.npy,/Users/ayushchhetry/spartis assignment/dataset/train/MRI/masks/18_MR_m5_z0001.npy,/Users/ayushchhetry/spartis assignment/JUH_MR-CT_dataset/MR/image_MR/18_MR_s5.dcm
18_MR_s5,MRI,train,2,/Users/ayushchhetry/spartis assignment/dataset/train/MRI/images/18_MR_s5_z0002.npy,/Users/ayushchhetry/spartis assignment/dataset/train/MRI/masks/18_MR_m5_z0002.npy,/Users/ayushchhetry/spartis assignment/JUH_MR-CT_dataset/MR/image_MR/18_MR_s5.dcm
18_MR_s6,MRI,train,0,/Users/ayushchhetry/spartis assignment/dataset/train/MRI/images/18_MR_s6_z0000.npy,/Users/ayushchhetry/spartis assignment/dataset/train/MRI/masks/18_MR_m6_z0000.npy,/Users/ayushchhetry/spartis assignment/JUH_MR-CT_dataset/MR/image_MR/18_MR_s6.dcm
18_MR_s6,MRI,train,1,/Users/ayushchhetry/spartis assignment/dataset/train/MRI/images/18_MR_s6_z0001.npy,/Users/ayushchhetry/spartis assignment/dataset/train/MRI/masks/18_MR_m6_z0001.npy,/Users/ayushchhetry/spartis assignment/JUH_MR-CT_dataset/MR/image_MR/18_MR_s6.dcm
18_MR_s6,MRI,train,2,/Users/ayushchhetry/spartis assignment/dataset/train/MRI/images/18_MR_s6_z0002.npy,/Users/ayushchhetry/spartis assignment/dataset/train/MRI/masks/18_MR_m6_z0002.npy,/Users/ayushchhetry/spartis assignment/JUH_MR-CT_dataset/MR/image_MR/18_MR_s6.dcm
19_MR_s2,MRI,train,0,/Users/ayushchhetry/spartis assignment/dataset/train/MRI/images/19_MR_s2_z0000.npy,/Users/ayushchhetry/spartis assignment/dataset/train/MRI/masks/19_MR_m2_z0000.npy,/Users/ayushchhetry/spartis assignment/JUH_MR-CT_dataset/MR/image_MR/19_MR_s2.dcm
19_MR_s2,MRI,train,1,/Users/ayushchhetry/spartis assignment/dataset/train/MRI/images/19_MR_s2_z0001.npy,/Users/ayushchhetry/spartis assignment/dataset/train/MRI/masks/19_MR_m2_z0001.npy,/Users/ayushchhetry/spartis assignment/JUH_MR-CT_dataset/MR/image_MR/19_MR_s2.dcm
19_MR_s2,MRI,train,2,/Users/ayushchhetry/spartis assignment/dataset/train/MRI/images/19_MR_s2_z0002.npy,/Users/ayushchhetry/spartis assignment/dataset/train/MRI/masks/19_MR_m2_z0002.npy,/Users/ayushchhetry/spartis assignment/JUH_MR-CT_dataset/MR/image_MR/19_MR_s2.dcm
19_MR_s3,MRI,train,0,/Users/ayushchhetry/spartis assignment/dataset/train/MRI/images/19_MR_s3_z0000.npy,/Users/ayushchhetry/spartis assignment/dataset/train/MRI/masks/19_MR_m3_z0000.npy,/Users/ayushchhetry/spartis assignment/JUH_MR-CT_dataset/MR/image_MR/19_MR_s3.dcm
19_MR_s3,MRI,train,1,/Users/ayushchhetry/spartis assignment/dataset/train/MRI/images/19_MR_s3_z0001.npy,/Users/ayushchhetry/spartis assignment/dataset/train/MRI/masks/19_MR_m3_z0001.npy,/Users/ayushchhetry/spartis assignment/JUH_MR-CT_dataset/MR/image_MR/19_MR_s3.dcm
19_MR_s3,MRI,train,2,/Users/ayushchhetry/spartis assignment/dataset/train/MRI/images/19_MR_s3_z0002.npy,/Users/ayushchhetry/spartis assignment/dataset/train/MRI/masks/19_MR_m3_z0002.npy,/Users/ayushchhetry/spartis assignment/JUH_MR-CT_dataset/MR/image_MR/19_MR_s3.dcm
19_MR_s4,MRI,train,0,/Users/ayushchhetry/spartis assignment/dataset/train/MRI/images/19_MR_s4_z0000.npy,/Users/ayushchhetry/spartis assignment/dataset/train/MRI/masks/19_MR_m4_z0000.npy,/Users/ayushchhetry/spartis assignment/JUH_MR-CT_dataset/MR/image_MR/19_MR_s4.dcm
19_MR_s4,MRI,train,1,/Users/ayushchhetry/spartis assignment/dataset/train/MRI/images/19_MR_s4_z0001.npy,/Users/ayushchhetry/spartis assignment/dataset/train/MRI/masks/19_MR_m4_z0001.npy,/Users/ayushchhetry/spartis assignment/JUH_MR-CT_dataset/MR/image_MR/19_MR_s4.dcm
19_MR_s4,MRI,train,2,/Users/ayushchhetry/spartis assignment/dataset/train/MRI/images/19_MR_s4_z0002.npy,/Users/ayushchhetry/spartis assignment/dataset/train/MRI/masks/19_MR_m4_z0002.npy,/Users/ayushchhetry/spartis assignment/JUH_MR-CT_dataset/MR/image_MR/19_MR_s4.dcm
1_MR_s1,MRI,train,0,/Users/ayushchhetry/spartis assignment/dataset/train/MRI/images/1_MR_s1_z0000.npy,/Users/ayushchhetry/spartis assignment/dataset/train/MRI/masks/1_MR_m1_z0000.npy,/Users/ayushchhetry/spartis assignment/JUH_MR-CT_dataset/MR/image_MR/1_MR_s1.dcm
1_MR_s1,MRI,train,1,/Users/ayushchhetry/spartis assignment/dataset/train/MRI/images/1_MR_s1_z0001.npy,/Users/ayushchhetry/spartis assignment/dataset/train/MRI/masks/1_MR_m1_z0001.npy,/Users/ayushchhetry/spartis assignment/JUH_MR-CT_dataset/MR/image_MR/1_MR_s1.dcm
1_MR_s1,MRI,train,2,/Users/ayushchhetry/spartis assignment/dataset/train/MRI/images/1_MR_s1_z0002.npy,/Users/ayushchhetry/spartis assignment/dataset/train/MRI/masks/1_MR_m1_z0002.npy,/Users/ayushchhetry/spartis assignment/JUH_MR-CT_dataset/MR/image_MR/1_MR_s1.dcm
1_MR_s4,MRI,train,0,/Users/ayushchhetry/spartis assignment/dataset/train/MRI/images/1_MR_s4_z0000.npy,/Users/ayushchhetry/spartis assignment/dataset/train/MRI/masks/1_MR_m4_z0000.npy,/Users/ayushchhetry/spartis assignment/JUH_MR-CT_dataset/MR/image_MR/1_MR_s4.dcm
1_MR_s4,MRI,train,1,/Users/ayushchhetry/spartis assignment/dataset/train/MRI/images/1_MR_s4_z0001.npy,/Users/ayushchhetry/spartis assignment/dataset/train/MRI/masks/1_MR_m4_z0001.npy,/Users/ayushchhetry/spartis assignment/JUH_MR-CT_dataset/MR/image_MR/1_MR_s4.dcm
1_MR_s4,MRI,train,2,/Users/ayushchhetry/spartis assignment/dataset/train/MRI/images/1_MR_s4_z0002.npy,/Users/ayushchhetry/spartis assignment/dataset/train/MRI/masks/1_MR_m4_z0002.npy,/Users/ayushchhetry/spartis assignment/JUH_MR-CT_dataset/MR/image_MR/1_MR_s4.dcm
20_MR_s1,MRI,train,0,/Users/ayushchhetry/spartis assignment/dataset/train/MRI/images/20_MR_s1_z0000.npy,/Users/ayushchhetry/spartis assignment/dataset/train/MRI/masks/20_MR_m1_z0000.npy,/Users/ayushchhetry/spartis assignment/JUH_MR-CT_dataset/MR/image_MR/20_MR_s1.dcm
20_MR_s1,MRI,train,1,/Users/ayushchhetry/spartis assignment/dataset/train/MRI/images/20_MR_s1_z0001.npy,/Users/ayushchhetry/spartis assignment/dataset/train/MRI/masks/20_MR_m1_z0001.npy,/Users/ayushchhetry/spartis assignment/JUH_MR-CT_dataset/MR/image_MR/20_MR_s1.dcm
20_MR_s1,MRI,train,2,/Users/ayushchhetry/spartis assignment/dataset/train/MRI/images/20_MR_s1_z0002.npy,/Users/ayushchhetry/spartis assignment/dataset/train/MRI/masks/20_MR_m1_z0002.npy,/Users/ayushchhetry/spartis assignment/JUH_MR-CT_dataset/MR/image_MR/20_MR_s1.dcm
20_MR_s2,MRI,train,0,/Users/ayushchhetry/spartis assignment/dataset/train/MRI/images/20_MR_s2_z0000.npy,/Users/ayushchhetry/spartis assignment/dataset/train/MRI/masks/20_MR_m2_z0000.npy,/Users/ayushchhetry/spartis assignment/JUH_MR-CT_dataset/MR/image_MR/20_MR_s2.dcm
20_MR_s2,MRI,train,1,/Users/ayushchhetry/spartis assignment/dataset/train/MRI/images/20_MR_s2_z0001.npy,/Users/ayushchhetry/spartis assignment/dataset/train/MRI/masks/20_MR_m2_z0001.npy,/Users/ayushchhetry/spartis assignment/JUH_MR-CT_dataset/MR/image_MR/20_MR_s2.dcm
20_MR_s2,MRI,train,2,/Users/ayushchhetry/spartis assignment/dataset/train/MRI/images/20_MR_s2_z0002.npy,/Users/ayushchhetry/spartis assignment/dataset/train/MRI/masks/20_MR_m2_z0002.npy,/Users/ayushchhetry/spartis assignment/JUH_MR-CT_dataset/MR/image_MR/20_MR_s2.dcm
20_MR_s3,MRI,train,0,/Users/ayushchhetry/spartis assignment/dataset/train/MRI/images/20_MR_s3_z0000.npy,/Users/ayushchhetry/spartis assignment/dataset/train/MRI/masks/20_MR_m3_z0000.npy,/Users/ayushchhetry/spartis assignment/JUH_MR-CT_dataset/MR/image_MR/20_MR_s3.dcm
20_MR_s3,MRI,train,1,/Users/ayushchhetry/spartis assignment/dataset/train/MRI/images/20_MR_s3_z0001.npy,/Users/ayushchhetry/spartis assignment/dataset/train/MRI/masks/20_MR_m3_z0001.npy,/Users/ayushchhetry/spartis assignment/JUH_MR-CT_dataset/MR/image_MR/20_MR_s3.dcm
20_MR_s3,MRI,train,2,/Users/ayushchhetry/spartis assignment/dataset/train/MRI/images/20_MR_s3_z0002.npy,/Users/ayushchhetry/spartis assignment/dataset/train/MRI/masks/20_MR_m3_z0002.npy,/Users/ayushchhetry/spartis assignment/JUH_MR-CT_dataset/MR/image_MR/20_MR_s3.dcm
2_MR_s3,MRI,train,0,/Users/ayushchhetry/spartis assignment/dataset/train/MRI/images/2_MR_s3_z0000.npy,/Users/ayushchhetry/spartis assignment/dataset/train/MRI/masks/2_MR_m3_z0000.npy,/Users/ayushchhetry/spartis assignment/JUH_MR-CT_dataset/MR/image_MR/2_MR_s3.dcm
2_MR_s3,MRI,train,1,/Users/ayushchhetry/spartis assignment/dataset/train/MRI/images/2_MR_s3_z0001.npy,/Users/ayushchhetry/spartis assignment/dataset/train/MRI/masks/2_MR_m3_z0001.npy,/Users/ayushchhetry/spartis assignment/JUH_MR-CT_dataset/MR/image_MR/2_MR_s3.dcm
2_MR_s3,MRI,train,2,/Users/ayushchhetry/spartis assignment/dataset/train/MRI/images/2_MR_s3_z0002.npy,/Users/ayushchhetry/spartis assignment/dataset/train/MRI/masks/2_MR_m3_z0002.npy,/Users/ayushchhetry/spartis assignment/JUH_MR-CT_dataset/MR/image_MR/2_MR_s3.dcm
2_MR_s4,MRI,train,0,/Users/ayushchhetry/spartis assignment/dataset/train/MRI/images/2_MR_s4_z0000.npy,/Users/ayushchhetry/spartis assignment/dataset/train/MRI/masks/2_MR_m4_z0000.npy,/Users/ayushchhetry/spartis assignment/JUH_MR-CT_dataset/MR/image_MR/2_MR_s4.dcm
2_MR_s4,MRI,train,1,/Users/ayushchhetry/spartis assignment/dataset/train/MRI/images/2_MR_s4_z0001.npy,/Users/ayushchhetry/spartis assignment/dataset/train/MRI/masks/2_MR_m4_z0001.npy,/Users/ayushchhetry/spartis assignment/JUH_MR-CT_dataset/MR/image_MR/2_MR_s4.dcm
2_MR_s4,MRI,train,2,/Users/ayushchhetry/spartis assignment/dataset/train/MRI/images/2_MR_s4_z0002.npy,/Users/ayushchhetry/spartis assignment/dataset/train/MRI/masks/2_MR_m4_z0002.npy,/Users/ayushchhetry/spartis assignment/JUH_MR-CT_dataset/MR/image_MR/2_MR_s4.dcm
2_MR_s5,MRI,train,0,/Users/ayushchhetry/spartis assignment/dataset/train/MRI/images/2_MR_s5_z0000.npy,/Users/ayushchhetry/spartis assignment/dataset/train/MRI/masks/2_MR_m5_z0000.npy,/Users/ayushchhetry/spartis assignment/JUH_MR-CT_dataset/MR/image_MR/2_MR_s5.dcm
2_MR_s5,MRI,train,1,/Users/ayushchhetry/spartis assignment/dataset/train/MRI/images/2_MR_s5_z0001.npy,/Users/ayushchhetry/spartis assignment/dataset/train/MRI/masks/2_MR_m5_z0001.npy,/Users/ayushchhetry/spartis assignment/JUH_MR-CT_dataset/MR/image_MR/2_MR_s5.dcm
2_MR_s5,MRI,train,2,/Users/ayushchhetry/spartis assignment/dataset/train/MRI/images/2_MR_s5_z0002.npy,/Users/ayushchhetry/spartis assignment/dataset/train/MRI/masks/2_MR_m5_z0002.npy,/Users/ayushchhetry/spartis assignment/JUH_MR-CT_dataset/MR/image_MR/2_MR_s5.dcm
3_MR_s3,MRI,train,0,/Users/ayushchhetry/spartis assignment/dataset/train/MRI/images/3_MR_s3_z0000.npy,/Users/ayushchhetry/spartis assignment/dataset/train/MRI/masks/3_MR_m3_z0000.npy,/Users/ayushchhetry/spartis assignment/JUH_MR-CT_dataset/MR/image_MR/3_MR_s3.dcm
3_MR_s3,MRI,train,1,/Users/ayushchhetry/spartis assignment/dataset/train/MRI/images/3_MR_s3_z0001.npy,/Users/ayushchhetry/spartis assignment/dataset/train/MRI/masks/3_MR_m3_z0001.npy,/Users/ayushchhetry/spartis assignment/JUH_MR-CT_dataset/MR/image_MR/3_MR_s3.dcm
3_MR_s3,MRI,train,2,/Users/ayushchhetry/spartis assignment/dataset/train/MRI/images/3_MR_s3_z0002.npy,/Users/ayushchhetry/spartis assignment/dataset/train/MRI/masks/3_MR_m3_z0002.npy,/Users/ayushchhetry/spartis assignment/JUH_MR-CT_dataset/MR/image_MR/3_MR_s3.dcm
3_MR_s4,MRI,train,0,/Users/ayushchhetry/spartis assignment/dataset/train/MRI/images/3_MR_s4_z0000.npy,/Users/ayushchhetry/spartis assignment/dataset/train/MRI/masks/3_MR_m4_z0000.npy,/Users/ayushchhetry/spartis assignment/JUH_MR-CT_dataset/MR/image_MR/3_MR_s4.dcm
3_MR_s4,MRI,train,1,/Users/ayushchhetry/spartis assignment/dataset/train/MRI/images/3_MR_s4_z0001.npy,/Users/ayushchhetry/spartis assignment/dataset/train/MRI/masks/3_MR_m4_z0001.npy,/Users/ayushchhetry/spartis assignment/JUH_MR-CT_dataset/MR/image_MR/3_MR_s4.dcm
3_MR_s4,MRI,train,2,/Users/ayushchhetry/spartis assignment/dataset/train/MRI/images/3_MR_s4_z0002.npy,/Users/ayushchhetry/spartis assignment/dataset/train/MRI/masks/3_MR_m4_z0002.npy,/Users/ayushchhetry/spartis assignment/JUH_MR-CT_dataset/MR/image_MR/3_MR_s4.dcm
3_MR_s5,MRI,train,0,/Users/ayushchhetry/spartis assignment/dataset/train/MRI/images/3_MR_s5_z0000.npy,/Users/ayushchhetry/spartis assignment/dataset/train/MRI/masks/3_MR_m5_z0000.npy,/Users/ayushchhetry/spartis assignment/JUH_MR-CT_dataset/MR/image_MR/3_MR_s5.dcm
3_MR_s5,MRI,train,1,/Users/ayushchhetry/spartis assignment/dataset/train/MRI/images/3_MR_s5_z0001.npy,/Users/ayushchhetry/spartis assignment/dataset/train/MRI/masks/3_MR_m5_z0001.npy,/Users/ayushchhetry/spartis assignment/JUH_MR-CT_dataset/MR/image_MR/3_MR_s5.dcm
3_MR_s5,MRI,train,2,/Users/ayushchhetry/spartis assignment/dataset/train/MRI/images/3_MR_s5_z0002.npy,/Users/ayushchhetry/spartis assignment/dataset/train/MRI/masks/3_MR_m5_z0002.npy,/Users/ayushchhetry/spartis assignment/JUH_MR-CT_dataset/MR/image_MR/3_MR_s5.dcm
3_MR_s6,MRI,train,0,/Users/ayushchhetry/spartis assignment/dataset/train/MRI/images/3_MR_s6_z0000.npy,/Users/ayushchhetry/spartis assignment/dataset/train/MRI/masks/3_MR_m6_z0000.npy,/Users/ayushchhetry/spartis assignment/JUH_MR-CT_dataset/MR/image_MR/3_MR_s6.dcm
3_MR_s6,MRI,train,1,/Users/ayushchhetry/spartis assignment/dataset/train/MRI/images/3_MR_s6_z0001.npy,/Users/ayushchhetry/spartis assignment/dataset/train/MRI/masks/3_MR_m6_z0001.npy,/Users/ayushchhetry/spartis assignment/JUH_MR-CT_dataset/MR/image_MR/3_MR_s6.dcm
3_MR_s6,MRI,train,2,/Users/ayushchhetry/spartis assignment/dataset/train/MRI/images/3_MR_s6_z0002.npy,/Users/ayushchhetry/spartis assignment/dataset/train/MRI/masks/3_MR_m6_z0002.npy,/Users/ayushchhetry/spartis assignment/JUH_MR-CT_dataset/MR/image_MR/3_MR_s6.dcm
4_MR_s1,MRI,train,0,/Users/ayushchhetry/spartis assignment/dataset/train/MRI/images/4_MR_s1_z0000.npy,/Users/ayushchhetry/spartis assignment/dataset/train/MRI/masks/4_MR_m1_z0000.npy,/Users/ayushchhetry/spartis assignment/JUH_MR-CT_dataset/MR/image_MR/4_MR_s1.dcm
4_MR_s1,MRI,train,1,/Users/ayushchhetry/spartis assignment/dataset/train/MRI/images/4_MR_s1_z0001.npy,/Users/ayushchhetry/spartis assignment/dataset/train/MRI/masks/4_MR_m1_z0001.npy,/Users/ayushchhetry/spartis assignment/JUH_MR-CT_dataset/MR/image_MR/4_MR_s1.dcm
4_MR_s1,MRI,train,2,/Users/ayushchhetry/spartis assignment/dataset/train/MRI/images/4_MR_s1_z0002.npy,/Users/ayushchhetry/spartis assignment/dataset/train/MRI/masks/4_MR_m1_z0002.npy,/Users/ayushchhetry/spartis assignment/JUH_MR-CT_dataset/MR/image_MR/4_MR_s1.dcm
5_MR_s1,MRI,train,0,/Users/ayushchhetry/spartis assignment/dataset/train/MRI/images/5_MR_s1_z0000.npy,,/Users/ayushchhetry/spartis assignment/JUH_MR-CT_dataset/MR/image_MR/5_MR_s1.dcm
5_MR_s1,MRI,train,1,/Users/ayushchhetry/spartis assignment/dataset/train/MRI/images/5_MR_s1_z0001.npy,,/Users/ayushchhetry/spartis assignment/JUH_MR-CT_dataset/MR/image_MR/5_MR_s1.dcm
5_MR_s1,MRI,train,2,/Users/ayushchhetry/spartis assignment/dataset/train/MRI/images/5_MR_s1_z0002.npy,,/Users/ayushchhetry/spartis assignment/JUH_MR-CT_dataset/MR/image_MR/5_MR_s1.dcm
5_MR_s3,MRI,train,0,/Users/ayushchhetry/spartis assignment/dataset/train/MRI/images/5_MR_s3_z0000.npy,,/Users/ayushchhetry/spartis assignment/JUH_MR-CT_dataset/MR/image_MR/5_MR_s3.dcm
5_MR_s3,MRI,train,1,/Users/ayushchhetry/spartis assignment/dataset/train/MRI/images/5_MR_s3_z0001.npy,,/Users/ayushchhetry/spartis assignment/JUH_MR-CT_dataset/MR/image_MR/5_MR_s3.dcm
5_MR_s3,MRI,train,2,/Users/ayushchhetry/spartis assignment/dataset/train/MRI/images/5_MR_s3_z0002.npy,,/Users/ayushchhetry/spartis assignment/JUH_MR-CT_dataset/MR/image_MR/5_MR_s3.dcm
6_MR_s1,MRI,train,0,/Users/ayushchhetry/spartis assignment/dataset/train/MRI/images/6_MR_s1_z0000.npy,/Users/ayushchhetry/spartis assignment/dataset/train/MRI/masks/6_MR_m1_z0000.npy,/Users/ayushchhetry/spartis assignment/JUH_MR-CT_dataset/MR/image_MR/6_MR_s1.dcm
6_MR_s1,MRI,train,1,/Users/ayushchhetry/spartis assignment/dataset/train/MRI/images/6_MR_s1_z0001.npy,/Users/ayushchhetry/spartis assignment/dataset/train/MRI/masks/6_MR_m1_z0001.npy,/Users/ayushchhetry/spartis assignment/JUH_MR-CT_dataset/MR/image_MR/6_MR_s1.dcm
6_MR_s1,MRI,train,2,/Users/ayushchhetry/spartis assignment/dataset/train/MRI/images/6_MR_s1_z0002.npy,/Users/ayushchhetry/spartis assignment/dataset/train/MRI/masks/6_MR_m1_z0002.npy,/Users/ayushchhetry/spartis assignment/JUH_MR-CT_dataset/MR/image_MR/6_MR_s1.dcm
6_MR_s2,MRI,train,0,/Users/ayushchhetry/spartis assignment/dataset/train/MRI/images/6_MR_s2_z0000.npy,/Users/ayushchhetry/spartis assignment/dataset/train/MRI/masks/6_MR_m2_z0000.npy,/Users/ayushchhetry/spartis assignment/JUH_MR-CT_dataset/MR/image_MR/6_MR_s2.dcm
6_MR_s2,MRI,train,1,/Users/ayushchhetry/spartis assignment/dataset/train/MRI/images/6_MR_s2_z0001.npy,/Users/ayushchhetry/spartis assignment/dataset/train/MRI/masks/6_MR_m2_z0001.npy,/Users/ayushchhetry/spartis assignment/JUH_MR-CT_dataset/MR/image_MR/6_MR_s2.dcm
6_MR_s2,MRI,train,2,/Users/ayushchhetry/spartis assignment/dataset/train/MRI/images/6_MR_s2_z0002.npy,/Users/ayushchhetry/spartis assignment/dataset/train/MRI/masks/6_MR_m2_z0002.npy,/Users/ayushchhetry/spartis assignment/JUH_MR-CT_dataset/MR/image_MR/6_MR_s2.dcm
6_MR_s4,MRI,train,0,/Users/ayushchhetry/spartis assignment/dataset/train/MRI/images/6_MR_s4_z0000.npy,/Users/ayushchhetry/spartis assignment/dataset/train/MRI/masks/6_MR_m4_z0000.npy,/Users/ayushchhetry/spartis assignment/JUH_MR-CT_dataset/MR/image_MR/6_MR_s4.dcm
6_MR_s4,MRI,train,1,/Users/ayushchhetry/spartis assignment/dataset/train/MRI/images/6_MR_s4_z0001.npy,/Users/ayushchhetry/spartis assignment/dataset/train/MRI/masks/6_MR_m4_z0001.npy,/Users/ayushchhetry/spartis assignment/JUH_MR-CT_dataset/MR/image_MR/6_MR_s4.dcm
6_MR_s4,MRI,train,2,/Users/ayushchhetry/spartis assignment/dataset/train/MRI/images/6_MR_s4_z0002.npy,/Users/ayushchhetry/spartis assignment/dataset/train/MRI/masks/6_MR_m4_z0002.npy,/Users/ayushchhetry/spartis assignment/JUH_MR-CT_dataset/MR/image_MR/6_MR_s4.dcm
6_MR_s5,MRI,train,0,/Users/ayushchhetry/spartis assignment/dataset/train/MRI/images/6_MR_s5_z0000.npy,/Users/ayushchhetry/spartis assignment/dataset/train/MRI/masks/6_MR_m5_z0000.npy,/Users/ayushchhetry/spartis assignment/JUH_MR-CT_dataset/MR/image_MR/6_MR_s5.dcm
6_MR_s5,MRI,train,1,/Users/ayushchhetry/spartis assignment/dataset/train/MRI/images/6_MR_s5_z0001.npy,/Users/ayushchhetry/spartis assignment/dataset/train/MRI/masks/6_MR_m5_z0001.npy,/Users/ayushchhetry/spartis assignment/JUH_MR-CT_dataset/MR/image_MR/6_MR_s5.dcm
6_MR_s5,MRI,train,2,/Users/ayushchhetry/spartis assignment/dataset/train/MRI/images/6_MR_s5_z0002.npy,/Users/ayushchhetry/spartis assignment/dataset/train/MRI/masks/6_MR_m5_z0002.npy,/Users/ayushchhetry/spartis assignment/JUH_MR-CT_dataset/MR/image_MR/6_MR_s5.dcm
7_MR_s2,MRI,train,0,/Users/ayushchhetry/spartis assignment/dataset/train/MRI/images/7_MR_s2_z0000.npy,/Users/ayushchhetry/spartis assignment/dataset/train/MRI/masks/7_MR_m2_z0000.npy,/Users/ayushchhetry/spartis assignment/JUH_MR-CT_dataset/MR/image_MR/7_MR_s2.dcm
7_MR_s2,MRI,train,1,/Users/ayushchhetry/spartis assignment/dataset/train/MRI/images/7_MR_s2_z0001.npy,/Users/ayushchhetry/spartis assignment/dataset/train/MRI/masks/7_MR_m2_z0001.npy,/Users/ayushchhetry/spartis assignment/JUH_MR-CT_dataset/MR/image_MR/7_MR_s2.dcm
7_MR_s2,MRI,train,2,/Users/ayushchhetry/spartis assignment/dataset/train/MRI/images/7_MR_s2_z0002.npy,/Users/ayushchhetry/spartis assignment/dataset/train/MRI/masks/7_MR_m2_z0002.npy,/Users/ayushchhetry/spartis assignment/JUH_MR-CT_dataset/MR/image_MR/7_MR_s2.dcm
7_MR_s5,MRI,train,0,/Users/ayushchhetry/spartis assignment/dataset/train/MRI/images/7_MR_s5_z0000.npy,/Users/ayushchhetry/spartis assignment/dataset/train/MRI/masks/7_MR_m5_z0000.npy,/Users/ayushchhetry/spartis assignment/JUH_MR-CT_dataset/MR/image_MR/7_MR_s5.dcm
7_MR_s5,MRI,train,1,/Users/ayushchhetry/spartis assignment/dataset/train/MRI/images/7_MR_s5_z0001.npy,/Users/ayushchhetry/spartis assignment/dataset/train/MRI/masks/7_MR_m5_z0001.npy,/Users/ayushchhetry/spartis assignment/JUH_MR-CT_dataset/MR/image_MR/7_MR_s5.dcm
7_MR_s5,MRI,train,2,/Users/ayushchhetry/spartis assignment/dataset/train/MRI/images/7_MR_s5_z0002.npy,/Users/ayushchhetry/spartis assignment/dataset/train/MRI/masks/7_MR_m5_z0002.npy,/Users/ayushchhetry/spartis assignment/JUH_MR-CT_dataset/MR/image_MR/7_MR_s5.dcm
8_MR_s2,MRI,train,0,/Users/ayushchhetry/spartis assignment/dataset/train/MRI/images/8_MR_s2_z0000.npy,/Users/ayushchhetry/spartis assignment/dataset/train/MRI/masks/8_MR_m2_z0000.npy,/Users/ayushchhetry/spartis assignment/JUH_MR-CT_dataset/MR/image_MR/8_MR_s2.dcm
8_MR_s2,MRI,train,1,/Users/ayushchhetry/spartis assignment/dataset/train/MRI/images/8_MR_s2_z0001.npy,/Users/ayushchhetry/spartis assignment/dataset/train/MRI/masks/8_MR_m2_z0001.npy,/Users/ayushchhetry/spartis assignment/JUH_MR-CT_dataset/MR/image_MR/8_MR_s2.dcm
8_MR_s2,MRI,train,2,/Users/ayushchhetry/spartis assignment/dataset/train/MRI/images/8_MR_s2_z0002.npy,/Users/ayushchhetry/spartis assignment/dataset/train/MRI/masks/8_MR_m2_z0002.npy,/Users/ayushchhetry/spartis assignment/JUH_MR-CT_dataset/MR/image_MR/8_MR_s2.dcm
8_MR_s3,MRI,train,0,/Users/ayushchhetry/spartis assignment/dataset/train/MRI/images/8_MR_s3_z0000.npy,/Users/ayushchhetry/spartis assignment/dataset/train/MRI/masks/8_MR_m3_z0000.npy,/Users/ayushchhetry/spartis assignment/JUH_MR-CT_dataset/MR/image_MR/8_MR_s3.dcm
8_MR_s3,MRI,train,1,/Users/ayushchhetry/spartis assignment/dataset/train/MRI/images/8_MR_s3_z0001.npy,/Users/ayushchhetry/spartis assignment/dataset/train/MRI/masks/8_MR_m3_z0001.npy,/Users/ayushchhetry/spartis assignment/JUH_MR-CT_dataset/MR/image_MR/8_MR_s3.dcm
8_MR_s3,MRI,train,2,/Users/ayushchhetry/spartis assignment/dataset/train/MRI/images/8_MR_s3_z0002.npy,/Users/ayushchhetry/spartis assignment/dataset/train/MRI/masks/8_MR_m3_z0002.npy,/Users/ayushchhetry/spartis assignment/JUH_MR-CT_dataset/MR/image_MR/8_MR_s3.dcm
8_MR_s4,MRI,train,0,/Users/ayushchhetry/spartis assignment/dataset/train/MRI/images/8_MR_s4_z0000.npy,/Users/ayushchhetry/spartis assignment/dataset/train/MRI/masks/8_MR_m4_z0000.npy,/Users/ayushchhetry/spartis assignment/JUH_MR-CT_dataset/MR/image_MR/8_MR_s4.dcm
8_MR_s4,MRI,train,1,/Users/ayushchhetry/spartis assignment/dataset/train/MRI/images/8_MR_s4_z0001.npy,/Users/ayushchhetry/spartis assignment/dataset/train/MRI/masks/8_MR_m4_z0001.npy,/Users/ayushchhetry/spartis assignment/JUH_MR-CT_dataset/MR/image_MR/8_MR_s4.dcm
8_MR_s4,MRI,train,2,/Users/ayushchhetry/spartis assignment/dataset/train/MRI/images/8_MR_s4_z0002.npy,/Users/ayushchhetry/spartis assignment/dataset/train/MRI/masks/8_MR_m4_z0002.npy,/Users/ayushchhetry/spartis assignment/JUH_MR-CT_dataset/MR/image_MR/8_MR_s4.dcm
8_MR_s5,MRI,train,0,/Users/ayushchhetry/spartis assignment/dataset/train/MRI/images/8_MR_s5_z0000.npy,/Users/ayushchhetry/spartis assignment/dataset/train/MRI/masks/8_MR_m5_z0000.npy,/Users/ayushchhetry/spartis assignment/JUH_MR-CT_dataset/MR/image_MR/8_MR_s5.dcm
8_MR_s5,MRI,train,1,/Users/ayushchhetry/spartis assignment/dataset/train/MRI/images/8_MR_s5_z0001.npy,/Users/ayushchhetry/spartis assignment/dataset/train/MRI/masks/8_MR_m5_z0001.npy,/Users/ayushchhetry/spartis assignment/JUH_MR-CT_dataset/MR/image_MR/8_MR_s5.dcm
8_MR_s5,MRI,train,2,/Users/ayushchhetry/spartis assignment/dataset/train/MRI/images/8_MR_s5_z0002.npy,/Users/ayushchhetry/spartis assignment/dataset/train/MRI/masks/8_MR_m5_z0002.npy,/Users/ayushchhetry/spartis assignment/JUH_MR-CT_dataset/MR/image_MR/8_MR_s5.dcm
9_MR_s1,MRI,train,0,/Users/ayushchhetry/spartis assignment/dataset/train/MRI/images/9_MR_s1_z0000.npy,/Users/ayushchhetry/spartis assignment/dataset/train/MRI/masks/9_MR_m1_z0000.npy,/Users/ayushchhetry/spartis assignment/JUH_MR-CT_dataset/MR/image_MR/9_MR_s1.dcm
9_MR_s1,MRI,train,1,/Users/ayushchhetry/spartis assignment/dataset/train/MRI/images/9_MR_s1_z0001.npy,/Users/ayushchhetry/spartis assignment/dataset/train/MRI/masks/9_MR_m1_z0001.npy,/Users/ayushchhetry/spartis assignment/JUH_MR-CT_dataset/MR/image_MR/9_MR_s1.dcm
9_MR_s1,MRI,train,2,/Users/ayushchhetry/spartis assignment/dataset/train/MRI/images/9_MR_s1_z0002.npy,/Users/ayushchhetry/spartis assignment/dataset/train/MRI/masks/9_MR_m1_z0002.npy,/Users/ayushchhetry/spartis assignment/JUH_MR-CT_dataset/MR/image_MR/9_MR_s1.dcm
9_MR_s2,MRI,train,0,/Users/ayushchhetry/spartis assignment/dataset/train/MRI/images/9_MR_s2_z0000.npy,/Users/ayushchhetry/spartis assignment/dataset/train/MRI/masks/9_MR_m2_z0000.npy,/Users/ayushchhetry/spartis assignment/JUH_MR-CT_dataset/MR/image_MR/9_MR_s2.dcm
9_MR_s2,MRI,train,1,/Users/ayushchhetry/spartis assignment/dataset/train/MRI/images/9_MR_s2_z0001.npy,/Users/ayushchhetry/spartis assignment/dataset/train/MRI/masks/9_MR_m2_z0001.npy,/Users/ayushchhetry/spartis assignment/JUH_MR-CT_dataset/MR/image_MR/9_MR_s2.dcm
9_MR_s2,MRI,train,2,/Users/ayushchhetry/spartis assignment/dataset/train/MRI/images/9_MR_s2_z0002.npy,/Users/ayushchhetry/spartis assignment/dataset/train/MRI/masks/9_MR_m2_z0002.npy,/Users/ayushchhetry/spartis assignment/JUH_MR-CT_dataset/MR/image_MR/9_MR_s2.dcm
9_MR_s3,MRI,train,0,/Users/ayushchhetry/spartis assignment/dataset/train/MRI/images/9_MR_s3_z0000.npy,/Users/ayushchhetry/spartis assignment/dataset/train/MRI/masks/9_MR_m3_z0000.npy,/Users/ayushchhetry/spartis assignment/JUH_MR-CT_dataset/MR/image_MR/9_MR_s3.dcm
9_MR_s3,MRI,train,1,/Users/ayushchhetry/spartis assignment/dataset/train/MRI/images/9_MR_s3_z0001.npy,/Users/ayushchhetry/spartis assignment/dataset/train/MRI/masks/9_MR_m3_z0001.npy,/Users/ayushchhetry/spartis assignment/JUH_MR-CT_dataset/MR/image_MR/9_MR_s3.dcm
9_MR_s3,MRI,train,2,/Users/ayushchhetry/spartis assignment/dataset/train/MRI/images/9_MR_s3_z0002.npy,/Users/ayushchhetry/spartis assignment/dataset/train/MRI/masks/9_MR_m3_z0002.npy,/Users/ayushchhetry/spartis assignment/JUH_MR-CT_dataset/MR/image_MR/9_MR_s3.dcm
9_MR_s4,MRI,train,0,/Users/ayushchhetry/spartis assignment/dataset/train/MRI/images/9_MR_s4_z0000.npy,/Users/ayushchhetry/spartis assignment/dataset/train/MRI/masks/9_MR_m4_z0000.npy,/Users/ayushchhetry/spartis assignment/JUH_MR-CT_dataset/MR/image_MR/9_MR_s4.dcm
9_MR_s4,MRI,train,1,/Users/ayushchhetry/spartis assignment/dataset/train/MRI/images/9_MR_s4_z0001.npy,/Users/ayushchhetry/spartis assignment/dataset/train/MRI/masks/9_MR_m4_z0001.npy,/Users/ayushchhetry/spartis assignment/JUH_MR-CT_dataset/MR/image_MR/9_MR_s4.dcm
9_MR_s4,MRI,train,2,/Users/ayushchhetry/spartis assignment/dataset/train/MRI/images/9_MR_s4_z0002.npy,/Users/ayushchhetry/spartis assignment/dataset/train/MRI/masks/9_MR_m4_z0002.npy,/Users/ayushchhetry/spartis assignment/JUH_MR-CT_dataset/MR/image_MR/9_MR_s4.dcm
9_MR_s5,MRI,train,0,/Users/ayushchhetry/spartis assignment/dataset/train/MRI/images/9_MR_s5_z0000.npy,/Users/ayushchhetry/spartis assignment/dataset/train/MRI/masks/9_MR_m5_z0000.npy,/Users/ayushchhetry/spartis assignment/JUH_MR-CT_dataset/MR/image_MR/9_MR_s5.dcm
9_MR_s5,MRI,train,1,/Users/ayushchhetry/spartis assignment/dataset/train/MRI/images/9_MR_s5_z0001.npy,/Users/ayushchhetry/spartis assignment/dataset/train/MRI/masks/9_MR_m5_z0001.npy,/Users/ayushchhetry/spartis assignment/JUH_MR-CT_dataset/MR/image_MR/9_MR_s5.dcm
9_MR_s5,MRI,train,2,/Users/ayushchhetry/spartis assignment/dataset/train/MRI/images/9_MR_s5_z0002.npy,/Users/ayushchhetry/spartis assignment/dataset/train/MRI/masks/9_MR_m5_z0002.npy,/Users/ayushchhetry/spartis assignment/JUH_MR-CT_dataset/MR/image_MR/9_MR_s5.dcm
10_CT_s4,CT,val,0,/Users/ayushchhetry/spartis assignment/dataset/val/CT/images/10_CT_s4_z0000.npy,/Users/ayushchhetry/spartis assignment/dataset/val/CT/masks/10_CT_m4_z0000.npy,/Users/ayushchhetry/spartis assignment/JUH_MR-CT_dataset/CT/image_CT/10_CT_s4.dcm
10_CT_s4,CT,val,1,/Users/ayushchhetry/spartis assignment/dataset/val/CT/images/10_CT_s4_z0001.npy,/Users/ayushchhetry/spartis assignment/dataset/val/CT/masks/10_CT_m4_z0001.npy,/Users/ayushchhetry/spartis assignment/JUH_MR-CT_dataset/CT/image_CT/10_CT_s4.dcm
10_CT_s4,CT,val,2,/Users/ayushchhetry/spartis assignment/dataset/val/CT/images/10_CT_s4_z0002.npy,/Users/ayushchhetry/spartis assignment/dataset/val/CT/masks/10_CT_m4_z0002.npy,/Users/ayushchhetry/spartis assignment/JUH_MR-CT_dataset/CT/image_CT/10_CT_s4.dcm
11_CT_s2,CT,val,0,/Users/ayushchhetry/spartis assignment/dataset/val/CT/images/11_CT_s2_z0000.npy,/Users/ayushchhetry/spartis assignment/dataset/val/CT/masks/11_CT_m2_z0000.npy,/Users/ayushchhetry/spartis assignment/JUH_MR-CT_dataset/CT/image_CT/11_CT_s2.dcm
11_CT_s2,CT,val,1,/Users/ayushchhetry/spartis assignment/dataset/val/CT/images/11_CT_s2_z0001.npy,/Users/ayushchhetry/spartis assignment/dataset/val/CT/masks/11_CT_m2_z0001.npy,/Users/ayushchhetry/spartis assignment/JUH_MR-CT_dataset/CT/image_CT/11_CT_s2.dcm
11_CT_s2,CT,val,2,/Users/ayushchhetry/spartis assignment/dataset/val/CT/images/11_CT_s2_z0002.npy,/Users/ayushchhetry/spartis assignment/dataset/val/CT/masks/11_CT_m2_z0002.npy,/Users/ayushchhetry/spartis assignment/JUH_MR-CT_dataset/CT/image_CT/11_CT_s2.dcm
12_CT_s2,CT,val,0,/Users/ayushchhetry/spartis assignment/dataset/val/CT/images/12_CT_s2_z0000.npy,/Users/ayushchhetry/spartis assignment/dataset/val/CT/masks/12_CT_m2_z0000.npy,/Users/ayushchhetry/spartis assignment/JUH_MR-CT_dataset/CT/image_CT/12_CT_s2.dcm
12_CT_s2,CT,val,1,/Users/ayushchhetry/spartis assignment/dataset/val/CT/images/12_CT_s2_z0001.npy,/Users/ayushchhetry/spartis assignment/dataset/val/CT/masks/12_CT_m2_z0001.npy,/Users/ayushchhetry/spartis assignment/JUH_MR-CT_dataset/CT/image_CT/12_CT_s2.dcm
12_CT_s2,CT,val,2,/Users/ayushchhetry/spartis assignment/dataset/val/CT/images/12_CT_s2_z0002.npy,/Users/ayushchhetry/spartis assignment/dataset/val/CT/masks/12_CT_m2_z0002.npy,/Users/ayushchhetry/spartis assignment/JUH_MR-CT_dataset/CT/image_CT/12_CT_s2.dcm
16_CT_s6,CT,val,0,/Users/ayushchhetry/spartis assignment/dataset/val/CT/images/16_CT_s6_z0000.npy,/Users/ayushchhetry/spartis assignment/dataset/val/CT/masks/16_CT_m6_z0000.npy,/Users/ayushchhetry/spartis assignment/JUH_MR-CT_dataset/CT/image_CT/16_CT_s6.dcm
16_CT_s6,CT,val,1,/Users/ayushchhetry/spartis assignment/dataset/val/CT/images/16_CT_s6_z0001.npy,/Users/ayushchhetry/spartis assignment/dataset/val/CT/masks/16_CT_m6_z0001.npy,/Users/ayushchhetry/spartis assignment/JUH_MR-CT_dataset/CT/image_CT/16_CT_s6.dcm
16_CT_s6,CT,val,2,/Users/ayushchhetry/spartis assignment/dataset/val/CT/images/16_CT_s6_z0002.npy,/Users/ayushchhetry/spartis assignment/dataset/val/CT/masks/16_CT_m6_z0002.npy,/Users/ayushchhetry/spartis assignment/JUH_MR-CT_dataset/CT/image_CT/16_CT_s6.dcm
17_CT_s4,CT,val,0,/Users/ayushchhetry/spartis assignment/dataset/val/CT/images/17_CT_s4_z0000.npy,/Users/ayushchhetry/spartis assignment/dataset/val/CT/masks/17_CT_m4_z0000.npy,/Users/ayushchhetry/spartis assignment/JUH_MR-CT_dataset/CT/image_CT/17_CT_s4.dcm
17_CT_s4,CT,val,1,/Users/ayushchhetry/spartis assignment/dataset/val/CT/images/17_CT_s4_z0001.npy,/Users/ayushchhetry/spartis assignment/dataset/val/CT/masks/17_CT_m4_z0001.npy,/Users/ayushchhetry/spartis assignment/JUH_MR-CT_dataset/CT/image_CT/17_CT_s4.dcm
17_CT_s4,CT,val,2,/Users/ayushchhetry/spartis assignment/dataset/val/CT/images/17_CT_s4_z0002.npy,/Users/ayushchhetry/spartis assignment/dataset/val/CT/masks/17_CT_m4_z0002.npy,/Users/ayushchhetry/spartis assignment/JUH_MR-CT_dataset/CT/image_CT/17_CT_s4.dcm
18_CT_s5,CT,val,0,/Users/ayushchhetry/spartis assignment/dataset/val/CT/images/18_CT_s5_z0000.npy,/Users/ayushchhetry/spartis assignment/dataset/val/CT/masks/18_CT_m5_z0000.npy,/Users/ayushchhetry/spartis assignment/JUH_MR-CT_dataset/CT/image_CT/18_CT_s5.dcm
18_CT_s5,CT,val,1,/Users/ayushchhetry/spartis assignment/dataset/val/CT/images/18_CT_s5_z0001.npy,/Users/ayushchhetry/spartis assignment/dataset/val/CT/masks/18_CT_m5_z0001.npy,/Users/ayushchhetry/spartis assignment/JUH_MR-CT_dataset/CT/image_CT/18_CT_s5.dcm
18_CT_s5,CT,val,2,/Users/ayushchhetry/spartis assignment/dataset/val/CT/images/18_CT_s5_z0002.npy,/Users/ayushchhetry/spartis assignment/dataset/val/CT/masks/18_CT_m5_z0002.npy,/Users/ayushchhetry/spartis assignment/JUH_MR-CT_dataset/CT/image_CT/18_CT_s5.dcm
1_CT_s3,CT,val,0,/Users/ayushchhetry/spartis assignment/dataset/val/CT/images/1_CT_s3_z0000.npy,/Users/ayushchhetry/spartis assignment/dataset/val/CT/masks/1_CT_m3_z0000.npy,/Users/ayushchhetry/spartis assignment/JUH_MR-CT_dataset/CT/image_CT/1_CT_s3.dcm
1_CT_s3,CT,val,1,/Users/ayushchhetry/spartis assignment/dataset/val/CT/images/1_CT_s3_z0001.npy,/Users/ayushchhetry/spartis assignment/dataset/val/CT/masks/1_CT_m3_z0001.npy,/Users/ayushchhetry/spartis assignment/JUH_MR-CT_dataset/CT/image_CT/1_CT_s3.dcm
1_CT_s3,CT,val,2,/Users/ayushchhetry/spartis assignment/dataset/val/CT/images/1_CT_s3_z0002.npy,/Users/ayushchhetry/spartis assignment/dataset/val/CT/masks/1_CT_m3_z0002.npy,/Users/ayushchhetry/spartis assignment/JUH_MR-CT_dataset/CT/image_CT/1_CT_s3.dcm
20_CT_s3,CT,val,0,/Users/ayushchhetry/spartis assignment/dataset/val/CT/images/20_CT_s3_z0000.npy,/Users/ayushchhetry/spartis assignment/dataset/val/CT/masks/20_CT_m3_z0000.npy,/Users/ayushchhetry/spartis assignment/JUH_MR-CT_dataset/CT/image_CT/20_CT_s3.dcm
20_CT_s3,CT,val,1,/Users/ayushchhetry/spartis assignment/dataset/val/CT/images/20_CT_s3_z0001.npy,/Users/ayushchhetry/spartis assignment/dataset/val/CT/masks/20_CT_m3_z0001.npy,/Users/ayushchhetry/spartis assignment/JUH_MR-CT_dataset/CT/image_CT/20_CT_s3.dcm
20_CT_s3,CT,val,2,/Users/ayushchhetry/spartis assignment/dataset/val/CT/images/20_CT_s3_z0002.npy,/Users/ayushchhetry/spartis assignment/dataset/val/CT/masks/20_CT_m3_z0002.npy,/Users/ayushchhetry/spartis assignment/JUH_MR-CT_dataset/CT/image_CT/20_CT_s3.dcm
2_CT_s2,CT,val,0,/Users/ayushchhetry/spartis assignment/dataset/val/CT/images/2_CT_s2_z0000.npy,/Users/ayushchhetry/spartis assignment/dataset/val/CT/masks/2_CT_m2_z0000.npy,/Users/ayushchhetry/spartis assignment/JUH_MR-CT_dataset/CT/image_CT/2_CT_s2.dcm
2_CT_s2,CT,val,1,/Users/ayushchhetry/spartis assignment/dataset/val/CT/images/2_CT_s2_z0001.npy,/Users/ayushchhetry/spartis assignment/dataset/val/CT/masks/2_CT_m2_z0001.npy,/Users/ayushchhetry/spartis assignment/JUH_MR-CT_dataset/CT/image_CT/2_CT_s2.dcm
2_CT_s2,CT,val,2,/Users/ayushchhetry/spartis assignment/dataset/val/CT/images/2_CT_s2_z0002.npy,/Users/ayushchhetry/spartis assignment/dataset/val/CT/masks/2_CT_m2_z0002.npy,/Users/ayushchhetry/spartis assignment/JUH_MR-CT_dataset/CT/image_CT/2_CT_s2.dcm
5_CT_s3,CT,val,0,/Users/ayushchhetry/spartis assignment/dataset/val/CT/images/5_CT_s3_z0000.npy,/Users/ayushchhetry/spartis assignment/dataset/val/CT/masks/5_CT_m3_z0000.npy,/Users/ayushchhetry/spartis assignment/JUH_MR-CT_dataset/CT/image_CT/5_CT_s3.dcm
5_CT_s3,CT,val,1,/Users/ayushchhetry/spartis assignment/dataset/val/CT/images/5_CT_s3_z0001.npy,/Users/ayushchhetry/spartis assignment/dataset/val/CT/masks/5_CT_m3_z0001.npy,/Users/ayushchhetry/spartis assignment/JUH_MR-CT_dataset/CT/image_CT/5_CT_s3.dcm
5_CT_s3,CT,val,2,/Users/ayushchhetry/spartis assignment/dataset/val/CT/images/5_CT_s3_z0002.npy,/Users/ayushchhetry/spartis assignment/dataset/val/CT/masks/5_CT_m3_z0002.npy,/Users/ayushchhetry/spartis assignment/JUH_MR-CT_dataset/CT/image_CT/5_CT_s3.dcm
6_CT_s1,CT,val,0,/Users/ayushchhetry/spartis assignment/dataset/val/CT/images/6_CT_s1_z0000.npy,/Users/ayushchhetry/spartis assignment/dataset/val/CT/masks/6_CT_m1_z0000.npy,/Users/ayushchhetry/spartis assignment/JUH_MR-CT_dataset/CT/image_CT/6_CT_s1.dcm
6_CT_s1,CT,val,1,/Users/ayushchhetry/spartis assignment/dataset/val/CT/images/6_CT_s1_z0001.npy,/Users/ayushchhetry/spartis assignment/dataset/val/CT/masks/6_CT_m1_z0001.npy,/Users/ayushchhetry/spartis assignment/JUH_MR-CT_dataset/CT/image_CT/6_CT_s1.dcm
6_CT_s1,CT,val,2,/Users/ayushchhetry/spartis assignment/dataset/val/CT/images/6_CT_s1_z0002.npy,/Users/ayushchhetry/spartis assignment/dataset/val/CT/masks/6_CT_m1_z0002.npy,/Users/ayushchhetry/spartis assignment/JUH_MR-CT_dataset/CT/image_CT/6_CT_s1.dcm
7_CT_s1,CT,val,0,/Users/ayushchhetry/spartis assignment/dataset/val/CT/images/7_CT_s1_z0000.npy,/Users/ayushchhetry/spartis assignment/dataset/val/CT/masks/7_CT_m1_z0000.npy,/Users/ayushchhetry/spartis assignment/JUH_MR-CT_dataset/CT/image_CT/7_CT_s1.dcm
7_CT_s1,CT,val,1,/Users/ayushchhetry/spartis assignment/dataset/val/CT/images/7_CT_s1_z0001.npy,/Users/ayushchhetry/spartis assignment/dataset/val/CT/masks/7_CT_m1_z0001.npy,/Users/ayushchhetry/spartis assignment/JUH_MR-CT_dataset/CT/image_CT/7_CT_s1.dcm
7_CT_s1,CT,val,2,/Users/ayushchhetry/spartis assignment/dataset/val/CT/images/7_CT_s1_z0002.npy,/Users/ayushchhetry/spartis assignment/dataset/val/CT/masks/7_CT_m1_z0002.npy,/Users/ayushchhetry/spartis assignment/JUH_MR-CT_dataset/CT/image_CT/7_CT_s1.dcm
7_CT_s3,CT,val,0,/Users/ayushchhetry/spartis assignment/dataset/val/CT/images/7_CT_s3_z0000.npy,/Users/ayushchhetry/spartis assignment/dataset/val/CT/masks/7_CT_m3_z0000.npy,/Users/ayushchhetry/spartis assignment/JUH_MR-CT_dataset/CT/image_CT/7_CT_s3.dcm
7_CT_s3,CT,val,1,/Users/ayushchhetry/spartis assignment/dataset/val/CT/images/7_CT_s3_z0001.npy,/Users/ayushchhetry/spartis assignment/dataset/val/CT/masks/7_CT_m3_z0001.npy,/Users/ayushchhetry/spartis assignment/JUH_MR-CT_dataset/CT/image_CT/7_CT_s3.dcm
7_CT_s3,CT,val,2,/Users/ayushchhetry/spartis assignment/dataset/val/CT/images/7_CT_s3_z0002.npy,/Users/ayushchhetry/spartis assignment/dataset/val/CT/masks/7_CT_m3_z0002.npy,/Users/ayushchhetry/spartis assignment/JUH_MR-CT_dataset/CT/image_CT/7_CT_s3.dcm
11_MR_s2,MRI,val,0,/Users/ayushchhetry/spartis assignment/dataset/val/MRI/images/11_MR_s2_z0000.npy,/Users/ayushchhetry/spartis assignment/dataset/val/MRI/masks/11_MR_m2_z0000.npy,/Users/ayushchhetry/spartis assignment/JUH_MR-CT_dataset/MR/image_MR/11_MR_s2.dcm
11_MR_s2,MRI,val,1,/Users/ayushchhetry/spartis assignment/dataset/val/MRI/images/11_MR_s2_z0001.npy,/Users/ayushchhetry/spartis assignment/dataset/val/MRI/masks/11_MR_m2_z0001.npy,/Users/ayushchhetry/spartis assignment/JUH_MR-CT_dataset/MR/image_MR/11_MR_s2.dcm
11_MR_s2,MRI,val,2,/Users/ayushchhetry/spartis assignment/dataset/val/MRI/images/11_MR_s2_z0002.npy,/Users/ayushchhetry/spartis assignment/dataset/val/MRI/masks/11_MR_m2_z0002.npy,/Users/ayushchhetry/spartis assignment/JUH_MR-CT_dataset/MR/image_MR/11_MR_s2.dcm
12_MR_s2,MRI,val,0,/Users/ayushchhetry/spartis assignment/dataset/val/MRI/images/12_MR_s2_z0000.npy,/Users/ayushchhetry/spartis assignment/dataset/val/MRI/masks/12_MR_m2_z0000.npy,/Users/ayushchhetry/spartis assignment/JUH_MR-CT_dataset/MR/image_MR/12_MR_s2.dcm
12_MR_s2,MRI,val,1,/Users/ayushchhetry/spartis assignment/dataset/val/MRI/images/12_MR_s2_z0001.npy,/Users/ayushchhetry/spartis assignment/dataset/val/MRI/masks/12_MR_m2_z0001.npy,/Users/ayushchhetry/spartis assignment/JUH_MR-CT_dataset/MR/image_MR/12_MR_s2.dcm
12_MR_s2,MRI,val,2,/Users/ayushchhetry/spartis assignment/dataset/val/MRI/images/12_MR_s2_z0002.npy,/Users/ayushchhetry/spartis assignment/dataset/val/MRI/masks/12_MR_m2_z0002.npy,/Users/ayushchhetry/spartis assignment/JUH_MR-CT_dataset/MR/image_MR/12_MR_s2.dcm
17_MR_s2,MRI,val,0,/Users/ayushchhetry/spartis assignment/dataset/val/MRI/images/17_MR_s2_z0000.npy,/Users/ayushchhetry/spartis assignment/dataset/val/MRI/masks/17_MR_m2_z0000.npy,/Users/ayushchhetry/spartis assignment/JUH_MR-CT_dataset/MR/image_MR/17_MR_s2.dcm
17_MR_s2,MRI,val,1,/Users/ayushchhetry/spartis assignment/dataset/val/MRI/images/17_MR_s2_z0001.npy,/Users/ayushchhetry/spartis assignment/dataset/val/MRI/masks/17_MR_m2_z0001.npy,/Users/ayushchhetry/spartis assignment/JUH_MR-CT_dataset/MR/image_MR/17_MR_s2.dcm
17_MR_s2,MRI,val,2,/Users/ayushchhetry/spartis assignment/dataset/val/MRI/images/17_MR_s2_z0002.npy,/Users/ayushchhetry/spartis assignment/dataset/val/MRI/masks/17_MR_m2_z0002.npy,/Users/ayushchhetry/spartis assignment/JUH_MR-CT_dataset/MR/image_MR/17_MR_s2.dcm
17_MR_s6,MRI,val,0,/Users/ayushchhetry/spartis assignment/dataset/val/MRI/images/17_MR_s6_z0000.npy,/Users/ayushchhetry/spartis assignment/dataset/val/MRI/masks/17_MR_m6_z0000.npy,/Users/ayushchhetry/spartis assignment/JUH_MR-CT_dataset/MR/image_MR/17_MR_s6.dcm
17_MR_s6,MRI,val,1,/Users/ayushchhetry/spartis assignment/dataset/val/MRI/images/17_MR_s6_z0001.npy,/Users/ayushchhetry/spartis assignment/dataset/val/MRI/masks/17_MR_m6_z0001.npy,/Users/ayushchhetry/spartis assignment/JUH_MR-CT_dataset/MR/image_MR/17_MR_s6.dcm
17_MR_s6,MRI,val,2,/Users/ayushchhetry/spartis assignment/dataset/val/MRI/images/17_MR_s6_z0002.npy,/Users/ayushchhetry/spartis assignment/dataset/val/MRI/masks/17_MR_m6_z0002.npy,/Users/ayushchhetry/spartis assignment/JUH_MR-CT_dataset/MR/image_MR/17_MR_s6.dcm
1_MR_s2,MRI,val,0,/Users/ayushchhetry/spartis assignment/dataset/val/MRI/images/1_MR_s2_z0000.npy,/Users/ayushchhetry/spartis assignment/dataset/val/MRI/masks/1_MR_m2_z0000.npy,/Users/ayushchhetry/spartis assignment/JUH_MR-CT_dataset/MR/image_MR/1_MR_s2.dcm
1_MR_s2,MRI,val,1,/Users/ayushchhetry/spartis assignment/dataset/val/MRI/images/1_MR_s2_z0001.npy,/Users/ayushchhetry/spartis assignment/dataset/val/MRI/masks/1_MR_m2_z0001.npy,/Users/ayushchhetry/spartis assignment/JUH_MR-CT_dataset/MR/image_MR/1_MR_s2.dcm
1_MR_s2,MRI,val,2,/Users/ayushchhetry/spartis assignment/dataset/val/MRI/images/1_MR_s2_z0002.npy,/Users/ayushchhetry/spartis assignment/dataset/val/MRI/masks/1_MR_m2_z0002.npy,/Users/ayushchhetry/spartis assignment/JUH_MR-CT_dataset/MR/image_MR/1_MR_s2.dcm
1_MR_s5,MRI,val,0,/Users/ayushchhetry/spartis assignment/dataset/val/MRI/images/1_MR_s5_z0000.npy,/Users/ayushchhetry/spartis assignment/dataset/val/MRI/masks/1_MR_m5_z0000.npy,/Users/ayushchhetry/spartis assignment/JUH_MR-CT_dataset/MR/image_MR/1_MR_s5.dcm
1_MR_s5,MRI,val,1,/Users/ayushchhetry/spartis assignment/dataset/val/MRI/images/1_MR_s5_z0001.npy,/Users/ayushchhetry/spartis assignment/dataset/val/MRI/masks/1_MR_m5_z0001.npy,/Users/ayushchhetry/spartis assignment/JUH_MR-CT_dataset/MR/image_MR/1_MR_s5.dcm
1_MR_s5,MRI,val,2,/Users/ayushchhetry/spartis assignment/dataset/val/MRI/images/1_MR_s5_z0002.npy,/Users/ayushchhetry/spartis assignment/dataset/val/MRI/masks/1_MR_m5_z0002.npy,/Users/ayushchhetry/spartis assignment/JUH_MR-CT_dataset/MR/image_MR/1_MR_s5.dcm
2_MR_s2,MRI,val,0,/Users/ayushchhetry/spartis assignment/dataset/val/MRI/images/2_MR_s2_z0000.npy,/Users/ayushchhetry/spartis assignment/dataset/val/MRI/masks/2_MR_m2_z0000.npy,/Users/ayushchhetry/spartis assignment/JUH_MR-CT_dataset/MR/image_MR/2_MR_s2.dcm
2_MR_s2,MRI,val,1,/Users/ayushchhetry/spartis assignment/dataset/val/MRI/images/2_MR_s2_z0001.npy,/Users/ayushchhetry/spartis assignment/dataset/val/MRI/masks/2_MR_m2_z0001.npy,/Users/ayushchhetry/spartis assignment/JUH_MR-CT_dataset/MR/image_MR/2_MR_s2.dcm
2_MR_s2,MRI,val,2,/Users/ayushchhetry/spartis assignment/dataset/val/MRI/images/2_MR_s2_z0002.npy,/Users/ayushchhetry/spartis assignment/dataset/val/MRI/masks/2_MR_m2_z0002.npy,/Users/ayushchhetry/spartis assignment/JUH_MR-CT_dataset/MR/image_MR/2_MR_s2.dcm
3_MR_s1,MRI,val,0,/Users/ayushchhetry/spartis assignment/dataset/val/MRI/images/3_MR_s1_z0000.npy,/Users/ayushchhetry/spartis assignment/dataset/val/MRI/masks/3_MR_m1_z0000.npy,/Users/ayushchhetry/spartis assignment/JUH_MR-CT_dataset/MR/image_MR/3_MR_s1.dcm
3_MR_s1,MRI,val,1,/Users/ayushchhetry/spartis assignment/dataset/val/MRI/images/3_MR_s1_z0001.npy,/Users/ayushchhetry/spartis assignment/dataset/val/MRI/masks/3_MR_m1_z0001.npy,/Users/ayushchhetry/spartis assignment/JUH_MR-CT_dataset/MR/image_MR/3_MR_s1.dcm
3_MR_s1,MRI,val,2,/Users/ayushchhetry/spartis assignment/dataset/val/MRI/images/3_MR_s1_z0002.npy,/Users/ayushchhetry/spartis assignment/dataset/val/MRI/masks/3_MR_m1_z0002.npy,/Users/ayushchhetry/spartis assignment/JUH_MR-CT_dataset/MR/image_MR/3_MR_s1.dcm
5_MR_s2,MRI,val,0,/Users/ayushchhetry/spartis assignment/dataset/val/MRI/images/5_MR_s2_z0000.npy,,/Users/ayushchhetry/spartis assignment/JUH_MR-CT_dataset/MR/image_MR/5_MR_s2.dcm
5_MR_s2,MRI,val,1,/Users/ayushchhetry/spartis assignment/dataset/val/MRI/images/5_MR_s2_z0001.npy,,/Users/ayushchhetry/spartis assignment/JUH_MR-CT_dataset/MR/image_MR/5_MR_s2.dcm
5_MR_s2,MRI,val,2,/Users/ayushchhetry/spartis assignment/dataset/val/MRI/images/5_MR_s2_z0002.npy,,/Users/ayushchhetry/spartis assignment/JUH_MR-CT_dataset/MR/image_MR/5_MR_s2.dcm
6_MR_s3,MRI,val,0,/Users/ayushchhetry/spartis assignment/dataset/val/MRI/images/6_MR_s3_z0000.npy,/Users/ayushchhetry/spartis assignment/dataset/val/MRI/masks/6_MR_m3_z0000.npy,/Users/ayushchhetry/spartis assignment/JUH_MR-CT_dataset/MR/image_MR/6_MR_s3.dcm
6_MR_s3,MRI,val,1,/Users/ayushchhetry/spartis assignment/dataset/val/MRI/images/6_MR_s3_z0001.npy,/Users/ayushchhetry/spartis assignment/dataset/val/MRI/masks/6_MR_m3_z0001.npy,/Users/ayushchhetry/spartis assignment/JUH_MR-CT_dataset/MR/image_MR/6_MR_s3.dcm
6_MR_s3,MRI,val,2,/Users/ayushchhetry/spartis assignment/dataset/val/MRI/images/6_MR_s3_z0002.npy,/Users/ayushchhetry/spartis assignment/dataset/val/MRI/masks/6_MR_m3_z0002.npy,/Users/ayushchhetry/spartis assignment/JUH_MR-CT_dataset/MR/image_MR/6_MR_s3.dcm
7_MR_s1,MRI,val,0,/Users/ayushchhetry/spartis assignment/dataset/val/MRI/images/7_MR_s1_z0000.npy,/Users/ayushchhetry/spartis assignment/dataset/val/MRI/masks/7_MR_m1_z0000.npy,/Users/ayushchhetry/spartis assignment/JUH_MR-CT_dataset/MR/image_MR/7_MR_s1.dcm
7_MR_s1,MRI,val,1,/Users/ayushchhetry/spartis assignment/dataset/val/MRI/images/7_MR_s1_z0001.npy,/Users/ayushchhetry/spartis assignment/dataset/val/MRI/masks/7_MR_m1_z0001.npy,/Users/ayushchhetry/spartis assignment/JUH_MR-CT_dataset/MR/image_MR/7_MR_s1.dcm
7_MR_s1,MRI,val,2,/Users/ayushchhetry/spartis assignment/dataset/val/MRI/images/7_MR_s1_z0002.npy,/Users/ayushchhetry/spartis assignment/dataset/val/MRI/masks/7_MR_m1_z0002.npy,/Users/ayushchhetry/spartis assignment/JUH_MR-CT_dataset/MR/image_MR/7_MR_s1.dcm
7_MR_s4,MRI,val,0,/Users/ayushchhetry/spartis assignment/dataset/val/MRI/images/7_MR_s4_z0000.npy,/Users/ayushchhetry/spartis assignment/dataset/val/MRI/masks/7_MR_m4_z0000.npy,/Users/ayushchhetry/spartis assignment/JUH_MR-CT_dataset/MR/image_MR/7_MR_s4.dcm
7_MR_s4,MRI,val,1,/Users/ayushchhetry/spartis assignment/dataset/val/MRI/images/7_MR_s4_z0001.npy,/Users/ayushchhetry/spartis assignment/dataset/val/MRI/masks/7_MR_m4_z0001.npy,/Users/ayushchhetry/spartis assignment/JUH_MR-CT_dataset/MR/image_MR/7_MR_s4.dcm
7_MR_s4,MRI,val,2,/Users/ayushchhetry/spartis assignment/dataset/val/MRI/images/7_MR_s4_z0002.npy,/Users/ayushchhetry/spartis assignment/dataset/val/MRI/masks/7_MR_m4_z0002.npy,/Users/ayushchhetry/spartis assignment/JUH_MR-CT_dataset/MR/image_MR/7_MR_s4.dcm
8_MR_s1,MRI,val,0,/Users/ayushchhetry/spartis assignment/dataset/val/MRI/images/8_MR_s1_z0000.npy,/Users/ayushchhetry/spartis assignment/dataset/val/MRI/masks/8_MR_m1_z0000.npy,/Users/ayushchhetry/spartis assignment/JUH_MR-CT_dataset/MR/image_MR/8_MR_s1.dcm
8_MR_s1,MRI,val,1,/Users/ayushchhetry/spartis assignment/dataset/val/MRI/images/8_MR_s1_z0001.npy,/Users/ayushchhetry/spartis assignment/dataset/val/MRI/masks/8_MR_m1_z0001.npy,/Users/ayushchhetry/spartis assignment/JUH_MR-CT_dataset/MR/image_MR/8_MR_s1.dcm
8_MR_s1,MRI,val,2,/Users/ayushchhetry/spartis assignment/dataset/val/MRI/images/8_MR_s1_z0002.npy,/Users/ayushchhetry/spartis assignment/dataset/val/MRI/masks/8_MR_m1_z0002.npy,/Users/ayushchhetry/spartis assignment/JUH_MR-CT_dataset/MR/image_MR/8_MR_s1.dcm
